, Births per 1000 People, Deaths per 1000 People, Population,Country,Divorces,Marriages,Total Number of Births,Total Number of Deaths,Unnamed: 0,date,category
0,24.268,9.649,158804395,United States,385000,1667000,3853865.058,1532303.607,0,12/31/1950,Historical
1,24.211,9.619,160872266,United States,381000,1595000,3894878.432,1547430.327,1,12/31/1951,Historical
2,24.155,9.589,163266028,United States,392000,1539000,3943690.906,1565557.942,2,12/31/1952,Historical
3,24.099,9.559,165910003,United States,390000,1546000,3998265.162,1585933.719,3,12/31/1953,Historical
4,24.043,9.529,168736387,United States,379000,1490000,4056928.953,1607889.032,4,12/31/1954,Historical
5,23.987,9.499,171685336,United States,377000,1531000,4118216.155,1630839.007,5,12/31/1955,Historical
6,23.93,9.469,174705003,United States,382000,1585000,4180690.722,1654281.673,6,12/31/1956,Historical
7,23.874,9.439,177751483,United States,381000,1518000,4243638.905,1677796.248,7,12/31/1957,Historical
8,23.818,9.409,180788392,United States,368000,1451000,4306017.921,1701037.98,8,12/31/1958,Historical
9,23.257,9.416,183786252,United States,395000,1494000,4274316.863,1730531.349,9,12/31/1959,Historical
10,22.696,9.423,186720571,United States,393000,1523000,4237810.079,1759467.941,10,12/31/1960,Historical
11,22.134,9.429,189569843,United States,414000,1548000,4195938.905,1787454.05,11,12/31/1961,Historical
12,21.573,9.436,192313746,United States,413000,1577000,4148784.442,1814672.507,12,12/31/1962,Historical
13,21.012,9.443,194932403,United States,428000,1654000,4095919.652,1840746.682,13,12/31/1963,Historical
14,20.336,9.473,197408505,United States,450000,1725000,4014499.358,1870050.768,14,12/31/1964,Historical
15,19.66,9.503,199733676,United States,479000,1800000,3926764.07,1898069.123,15,12/31/1965,Historical
16,18.984,9.534,201895760,United States,499000,1857000,3832789.108,1924874.176,16,12/31/1966,Historical
17,18.308,9.564,203905080,United States,523000,1927000,3733094.205,1950148.185,17,12/31/1967,Historical
18,17.632,9.594,205805754,United States,584000,2069000,3628767.055,1974500.404,18,12/31/1968,Historical
19,17.232,9.555,207659263,United States,639000,2145000,3578384.42,1984184.258,19,12/31/1969,Historical
20,16.832,9.516,209513341,United States,708000,2185802,3526528.556,1993728.953,20,12/31/1970,Historical
21,16.431,9.476,211384068,United States,773000,2190481,3473251.621,2003075.428,21,12/31/1971,Historical
22,16.031,9.437,213269802,United States,845000,2282154,3418928.196,2012627.121,22,12/31/1972,Historical
23,15.631,9.398,215178797,United States,915000,2284108,3363459.776,2022250.334,23,12/31/1973,Historical
24,15.456,9.288,217114909,United States,983931,2245929,3355728.034,2016563.275,24,12/31/1974,Historical
25,15.281,9.178,219081251,United States,1036709,2159810,3347780.597,2010727.722,25,12/31/1975,Historical
26,15.106,9.069,221086429,United States,1090430,2159051,3339731.596,2005032.825,26,12/31/1976,Historical
27,14.931,8.959,223135663,United States,1101445,2180861,3331638.584,1999072.405,27,12/31/1977,Historical
28,14.756,8.849,225223303,United States,1135408,2293079,3323395.059,1993001.008,28,12/31/1978,Historical
29,14.871,8.845,227339318,United States,1193062,2341102,3380762.998,2010816.268,29,12/31/1979,Historical
30,14.986,8.841,229476354,United States,1184175,2413896,3438932.641,2028800.446,30,12/31/1980,Historical
31,15.102,8.837,231636058,United States,1219042,2438085,3498167.748,2046967.845,31,12/31/1981,Historical
32,15.217,8.833,233821844,United States,1170000,2495000,3558067,2065348.348,32,12/31/1982,Historical
33,15.332,8.829,236030238,United States,1179000,2444000,3618815.609,2083910.971,33,12/31/1983,Historical
34,15.396,8.854,238256844,United States,1181970,2482137,3668202.37,2109526.097,34,12/31/1984,Historical
35,15.461,8.878,240499825,United States,1192530,2408911,3718367.794,2135157.446,35,12/31/1985,Historical
36,15.525,8.903,242763148,United States,1179347,2406830,3768897.873,2161320.307,36,12/31/1986,Historical
37,15.59,8.927,245052789,United States,1165646,2404146,3820372.981,2187586.247,37,12/31/1987,Historical
38,15.654,8.952,247372264,United States,1151787,2377092,3872365.421,2214476.507,38,12/31/1988,Historical
39,15.613,8.925,249725805,United States,1162719,2399654,3898968.993,2228802.81,39,12/31/1989,Historical
40,15.573,8.898,252120309,United States,1175851,2451774,3926269.572,2243366.509,40,12/31/1990,Historical
41,15.532,8.871,254539370,United States,1191591,2383182,3953505.495,2258018.751,41,12/31/1991,Historical
42,15.492,8.844,256990613,United States,1233226,2389375,3981298.577,2272824.981,42,12/31/1992,Historical
43,15.451,8.817,259532129,United States,1197297,2342538,4010030.925,2288294.781,43,12/31/1993,Historical
44,15.217,8.785,262241196,United States,1211893,2397441,3990524.28,2303788.907,44,12/31/1994,Historical
45,14.983,8.754,265163745,United States,,,3972948.391,2321243.424,45,12/31/1995,Historical
46,14.75,8.722,268335003,United States,,,3957941.294,2340417.896,46,12/31/1996,Historical
47,14.516,8.691,271713635,United States,1163000,2384000,3944195.126,2361463.202,47,12/31/1997,Historical
48,14.282,8.659,275175301,United States,1135000,2244000,3930053.649,2382742.931,48,12/31/1998,Historical
49,14.232,8.631,278548150,United States,1145245,2358000,3964297.271,2404149.083,49,12/31/1999,Historical
50,14.182,8.603,281710909,United States,944000,2315000,3995224.111,2423558.95,50,12/31/2000,Historical
51,14.133,8.576,284607993,United States,940000,2326000,4022364.765,2440798.148,51,12/31/2001,Historical
52,14.083,8.548,287279318,United States,955000,2290000,4045754.635,2455663.61,52,12/31/2002,Historical
53,14.033,8.52,289815562,United States,927000,2245000,4066981.782,2469228.588,53,12/31/2003,Historical
54,13.989,8.441,292354658,United States,879000,2279000,4089749.311,2467765.668,54,12/31/2004,Historical
55,13.945,8.362,294993511,United States,847000,2249000,4113684.511,2466735.739,55,12/31/2005,Historical
56,13.9,8.282,297758969,United States,872000,2193000,4138849.669,2466039.781,56,12/31/2006,Historical
57,13.856,8.203,300608429,United States,856000,2197000,4165230.392,2465890.943,57,12/31/2007,Historical
58,13.812,8.124,303486012,United States,844000,2157000,4191748.798,2465520.361,58,12/31/2008,Historical
59,13.558,8.131,306307567,United States,840000,2080000,4152917.993,2490586.827,59,12/31/2009,Historical
60,13.305,8.138,309011475,United States,872000,2096000,4111397.675,2514735.384,60,12/31/2010,Historical
61,13.051,8.145,311584047,United States,877000,2118000,4066483.397,2537852.063,61,12/31/2011,Historical
62,12.798,8.152,314043885,United States,851000,2131000,4019133.64,2560085.751,62,12/31/2012,Historical
63,12.544,8.159,316400538,United States,832157,2081301,3968928.349,2581511.99,63,12/31/2013,Historical
64,12.429,8.264,318673411,United States,813862,2140272,3960791.825,2633517.069,64,12/31/2014,Historical
65,12.314,8.369,320878310,United States,800909,2221579,3951295.509,2685430.576,65,12/31/2015,Historical
66,12.198,8.475,323015995,United States,776288,2251411,3940149.107,2737560.558,66,12/31/2016,Historical
67,12.083,8.58,325084756,United States,787251,2236496,3927999.107,2789227.206,67,12/31/2017,Historical
68,11.968,8.685,327096265,United States,782038,2132853,3914688.1,2840831.062,68,12/31/2018,Historical
69,11.979,8.782,329064917,United States,780035,2056675,3941868.641,2889848.101,69,12/31/2019,Historical
0,50.736,25.497,21408399,Turkey,,,1086176.532,545849.9493,0,12/31/1950,Historical
1,50.27,25.034,21951215,Turkey,,,1103487.578,549526.7163,1,12/31/1951,Historical
2,49.803,24.57,22508953,Turkey,,,1121013.386,553044.9752,2,12/31/1952,Historical
3,49.336,24.106,23081587,Turkey,,,1138753.176,556404.7362,3,12/31/1953,Historical
4,48.869,23.642,23668922,Turkey,,,1156676.549,559580.6539,4,12/31/1954,Historical
5,48.402,23.178,24270600,Turkey,,,1174745.581,562543.9668,5,12/31/1955,Historical
6,47.936,22.715,24886128,Turkey,,,1192941.432,565288.3975,6,12/31/1956,Historical
7,47.469,22.251,25514824,Turkey,,,1211163.18,567730.3488,7,12/31/1957,Historical
8,47.002,21.787,26155927,Turkey,,,1229380.881,569859.1815,8,12/31/1958,Historical
9,46.341,21.172,26808633,Turkey,,,1242338.862,567592.3779,9,12/31/1959,Historical
10,45.681,20.558,27472345,Turkey,,,1254964.192,564776.4685,10,12/31/1960,Historical
11,45.02,19.943,28146910,Turkey,,,1267173.888,561333.8261,11,12/31/1961,Historical
12,44.36,19.329,28832827,Turkey,,,1279024.206,557309.7131,12,12/31/1962,Historical
13,43.699,18.714,29531365,Turkey,,,1290491.119,552649.9646,13,12/31/1963,Historical
14,43.119,18.171,30244261,Turkey,,,1304102.29,549568.4666,14,12/31/1964,Historical
15,42.54,17.627,30972994,Turkey,,,1317591.165,545960.9652,15,12/31/1965,Historical
16,41.96,17.084,31717507,Turkey,,,1330866.594,541861.8896,16,12/31/1966,Historical
17,41.381,16.54,32477992,Turkey,,,1343971.787,537185.9877,17,12/31/1967,Historical
18,40.801,15.997,33256464,Turkey,,,1356896.988,532003.6546,18,12/31/1968,Historical
19,40.469,15.619,34055390,Turkey,,,1378187.578,531911.1364,19,12/31/1969,Historical
20,40.137,15.241,34876303,Turkey,,,1399830.174,531549.734,20,12/31/1970,Historical
21,39.806,14.863,35720599,Turkey,,,1421894.164,530915.2629,21,12/31/1971,Historical
22,39.474,14.485,36587261,Turkey,,,1444245.541,529966.4756,22,12/31/1972,Historical
23,39.142,14.107,37472336,Turkey,,,1466742.176,528622.244,23,12/31/1973,Historical
24,38.506,13.713,38370283,Turkey,,,1477486.117,526171.6908,24,12/31/1974,Historical
25,37.87,13.319,39277258,Turkey,,,1487429.76,523133.7993,25,12/31/1975,Historical
26,37.235,12.926,40189567,Turkey,,,1496458.527,519490.343,26,12/31/1976,Historical
27,36.599,12.532,41108297,Turkey,,,1504522.562,515169.178,27,12/31/1977,Historical
28,35.963,12.138,42039992,Turkey,,,1511884.232,510281.4229,28,12/31/1978,Historical
29,35.33,11.778,42994041,Turkey,,,1518979.469,506383.8149,29,12/31/1979,Historical
30,34.697,11.418,43975971,Turkey,,,1525834.266,502117.6369,30,12/31/1980,Historical
31,34.065,11.059,44988414,Turkey,,,1532530.323,497526.8704,31,12/31/1981,Historical
32,33.432,10.699,46025411,Turkey,,,1538721.541,492425.8723,32,12/31/1982,Historical
33,32.799,10.339,47073472,Turkey,,,1543962.808,486692.627,33,12/31/1983,Historical
34,31.795,10.032,48114155,Turkey,,,1529789.558,482681.203,34,12/31/1984,Historical
35,30.791,9.726,49133937,Turkey,,,1512883.054,477876.6713,35,12/31/1985,Historical
36,29.786,9.419,50128541,Turkey,,,1493128.722,472160.7277,36,12/31/1986,Historical
37,28.782,9.113,51100924,Turkey,,,1470786.795,465682.7204,37,12/31/1987,Historical
38,27.778,8.806,52053765,Turkey,,,1445949.484,458385.4546,38,12/31/1988,Historical
39,27.114,8.602,52992487,Turkey,,,1436838.293,455841.3732,39,12/31/1989,Historical
40,26.449,8.398,53921760,Turkey,,,1426176.63,452834.9405,40,12/31/1990,Historical
41,25.785,8.194,54840590,Turkey,,,1414064.613,449363.7945,41,12/31/1991,Historical
42,25.12,7.99,55748948,Turkey,,,1400413.574,445434.0945,42,12/31/1992,Historical
43,24.456,7.786,56653804,Turkey,,,1385525.431,441106.5179,43,12/31/1993,Historical
44,24.129,7.603,57564204,Turkey,,,1388966.678,437660.643,44,12/31/1994,Historical
45,23.802,7.42,58486456,Turkey,,,1392094.626,433969.5035,45,12/31/1995,Historical
46,23.474,7.237,59423282,Turkey,,,1394902.122,430046.2918,46,12/31/1996,Historical
47,23.147,7.054,60372568,Turkey,,,1397443.831,425868.0947,47,12/31/1997,Historical
48,22.82,6.871,61329676,Turkey,,,1399543.206,421396.2038,48,12/31/1998,Historical
49,22.358,6.729,62287397,Turkey,,,1392621.622,419131.8944,49,12/31/1999,Historical
50,21.895,6.588,63240194,Turkey,,,1384644.048,416626.3981,50,12/31/2000,Historical
51,21.433,6.446,64192243,Turkey,,,1375832.344,413783.1984,51,12/31/2001,Historical
52,20.97,6.305,65145367,Turkey,,,1366098.346,410741.5389,52,12/31/2002,Historical
53,20.508,6.163,66089402,Turkey,,,1355361.456,407308.9845,53,12/31/2003,Historical
54,20.141,6.113,67010930,Turkey,,,1349667.141,409637.8151,54,12/31/2004,Historical
55,19.774,6.063,67903469,Turkey,,,1342723.196,411698.7325,55,12/31/2005,Historical
56,19.407,6.013,68756810,Turkey,,,1334363.412,413434.6985,56,12/31/2006,Historical
57,19.04,5.963,69581848,Turkey,,,1324838.386,414916.5596,57,12/31/2007,Historical
58,18.673,5.913,70418604,Turkey,,,1314926.592,416385.2055,58,12/31/2008,Historical
59,18.394,5.832,71321399,Turkey,,,1311885.813,415946.399,59,12/31/2009,Historical
60,18.115,5.751,72326988,Turkey,,,1310203.388,415952.508,60,12/31/2010,Historical
61,17.836,5.669,73443250,Turkey,,,1309933.807,416349.7843,61,12/31/2011,Historical
62,17.557,5.588,74651050,Turkey,,,1310648.485,417150.0674,62,12/31/2012,Historical
63,17.278,5.507,75925462,Turkey,,,1311840.132,418121.5192,63,12/31/2013,Historical
64,17.058,5.485,77229256,Turkey,,,1317376.649,423602.4692,64,12/31/2014,Historical
65,16.838,5.463,78529409,Turkey,,,1322278.189,429006.1614,65,12/31/2015,Historical
66,16.619,5.442,79827871,Turkey,,,1326659.388,434423.274,66,12/31/2016,Historical
67,16.399,5.42,81116450,Turkey,,,1330228.664,439651.159,67,12/31/2017,Historical
68,16.179,5.398,82340088,Turkey,,,1332180.284,444471.795,68,12/31/2018,Historical
69,15.922,5.444,83429615,Turkey,,,1328366.33,454190.8241,69,12/31/2019,Historical
0,46.133,23.366,554419273,China,,,25577024.32,12954560.73,0,12/31/1950,Historical
1,44.921,23.106,569909117,China,,,25600887.44,13168320.06,1,12/31/1951,Historical
2,43.71,22.845,582576491,China,,,25464418.42,13308959.94,2,12/31/1952,Historical
3,42.498,22.585,593365877,China,,,25216863.04,13401168.33,3,12/31/1953,Historical
4,41.286,22.325,603052324,China,,,24897618.25,13463143.13,4,12/31/1954,Historical
5,40.075,22.064,612241554,China,,,24535580.28,13508497.65,5,12/31/1955,Historical
6,38.863,21.804,621363234,China,,,24148039.36,13548203.95,6,12/31/1956,Historical
7,37.652,21.543,630677645,China,,,23746274.69,13586688.51,7,12/31/1957,Historical
8,36.44,21.283,640295772,China,,,23332377.93,13627414.92,8,12/31/1958,Historical
9,37.034,21.157,650212734,China,,,24079978.39,13756550.81,9,12/31/1959,Historical
10,37.629,21.031,660408056,China,,,24850494.74,13889041.83,10,12/31/1960,Historical
11,38.223,20.905,670952695,China,,,25645824.86,14026266.09,11,12/31/1961,Historical
12,38.818,20.779,682102655,China,,,26477860.86,14173411.07,12,12/31/1962,Historical
13,39.412,20.653,694339083,China,,,27365291.94,14340185.08,13,12/31/1963,Historical
14,39.427,19.082,708254597,China,,,27924354,13514914.22,14,12/31/1964,Historical
15,39.442,17.511,724218968,China,,,28564644.54,12681798.35,15,12/31/1965,Historical
16,39.458,15.941,742414885,China,,,29294206.53,11834835.68,16,12/31/1966,Historical
17,39.473,14.37,762581176,China,,,30101366.76,10958291.5,17,12/31/1967,Historical
18,39.488,12.799,784074709,China,,,30961542.11,10035372.2,18,12/31/1968,Historical
19,37.976,12.075,805985939,China,,,30608122.02,9732280.213,19,12/31/1969,Historical
20,36.463,11.351,827601394,China,,,30176829.63,9394103.423,20,12/31/1970,Historical
21,34.951,10.626,848759710,China,,,29665000.62,9018920.678,21,12/31/1971,Historical
22,33.438,9.902,869485964,China,,,29073871.66,8609650.016,22,12/31/1972,Historical
23,31.926,9.178,889485372,China,,,28397709.99,8163696.744,23,12/31/1973,Historical
24,30.039,8.772,908464198,China,,,27289356.04,7969047.945,24,12/31/1974,Historical
25,28.152,8.366,926240885,China,,,26075533.39,7748931.244,25,12/31/1975,Historical
26,26.265,7.959,942685411,China,,,24759632.32,7502833.186,26,12/31/1976,Historical
27,24.378,7.553,957891272,China,,,23351473.43,7234952.777,27,12/31/1977,Historical
28,22.491,7.147,972205442,China,,,21865872.6,6948352.294,28,12/31/1978,Historical
29,22.231,7.039,986132202,China,,,21922704.98,6941384.57,29,12/31/1979,Historical
30,21.972,6.93,1000089235,China,,,21973960.67,6930618.399,30,12/31/1980,Historical
31,21.712,6.822,1014022212,China,,,22016450.27,6917659.53,31,12/31/1981,Historical
32,21.453,6.713,1027948987,China,,,22052589.62,6900621.55,32,12/31/1982,Historical
33,21.193,6.605,1042431412,China,,,22092248.91,6885259.476,33,12/31/1983,Historical
34,21.908,6.625,1058171976,China,,,23182431.65,7010389.341,34,12/31/1984,Historical
35,22.623,6.645,1075589361,China,,,24333058.11,7147291.304,35,12/31/1985,Historical
36,23.339,6.664,1095014109,China,,,25556534.29,7297174.022,36,12/31/1986,Historical
37,24.054,6.684,1116095476,China,,,26846560.58,7459982.162,37,12/31/1987,Historical
38,24.769,6.704,1137724227,China,,,28180291.38,7627303.218,38,12/31/1988,Historical
39,23.299,6.702,1158357397,China,,,26988568.99,7763311.275,39,12/31/1989,Historical
40,21.829,6.7,1176883674,China,,,25690193.72,7885120.616,40,12/31/1990,Historical
41,20.359,6.699,1192897284,China,,,24286195.8,7991218.906,41,12/31/1991,Historical
42,18.889,6.697,1206711244,China,,,22793568.69,8081345.201,42,12/31/1992,Historical
43,17.419,6.695,1218817055,China,,,21230574.28,8159980.183,43,12/31/1993,Historical
44,16.85,6.69,1230020031,China,,,20725837.52,8228834.007,44,12/31/1994,Historical
45,16.28,6.685,1240920535,China,,,20202186.31,8295553.776,45,12/31/1995,Historical
46,15.711,6.68,1251636186,China,,,19664456.12,8360929.722,46,12/31/1996,Historical
47,15.141,6.675,1261996012,China,,,19107881.62,8423823.38,47,12/31/1997,Historical
48,14.572,6.67,1271982350,China,,,18535326.8,8484122.275,48,12/31/1998,Historical
49,14.274,6.665,1281514832,China,,,18292342.71,8541296.355,49,12/31/1999,Historical
50,13.976,6.66,1290550765,China,,,18036737.49,8595068.095,50,12/31/2000,Historical
51,13.679,6.655,1299129752,China,,,17770795.88,8645708.5,51,12/31/2001,Historical
52,13.381,6.65,1307352257,China,,,17493680.55,8693892.509,52,12/31/2002,Historical
53,13.083,6.645,1315303521,China,,,17208115.97,8740191.897,53,12/31/2003,Historical
54,13.028,6.686,1323084641,China,,,17237146.7,8846143.91,54,12/31/2004,Historical
55,12.973,6.727,1330776380,China,,,17264161.98,8952132.708,55,12/31/2005,Historical
56,12.917,6.767,1338408647,China,,,17288224.49,9057011.314,56,12/31/2006,Historical
57,12.862,6.808,1345993888,China,,,17312173.39,9163526.39,57,12/31/2007,Historical
58,12.807,6.849,1353569484,China,,,17335164.38,9270597.396,58,12/31/2008,Historical
59,12.787,6.88,1361169419,China,,,17405273.36,9364845.603,59,12/31/2009,Historical
60,12.767,6.911,1368810615,China,,,17475605.12,9459850.16,60,12/31/2010,Historical
61,12.748,6.941,1376497639,China,,,17547591.9,9554270.112,61,12/31/2011,Historical
62,12.728,6.972,1384206401,China,,,17618179.07,9650687.028,62,12/31/2012,Historical
63,12.708,7.003,1391883330,China,,,17688053.36,9747358.96,63,12/31/2013,Historical
64,12.552,7.027,1399453965,China,,,17565946.17,9833963.012,64,12/31/2014,Historical
65,12.397,7.05,1406847870,China,,,17440693.04,9918277.484,65,12/31/2015,Historical
66,12.241,7.074,1414049351,China,,,17309378.11,10002985.11,66,12/31/2016,Historical
67,12.086,7.097,1421021791,China,,,17174469.37,10084991.65,67,12/31/2017,Historical
68,11.93,7.121,1427647786,China,,,17031838.09,10166279.88,68,12/31/2018,Historical
69,11.673,7.261,1433783686,China,,,16736556.97,10410703.34,69,12/31/2019,Historical
0,18.607,10.003,46598601,Italy,,,867060.1688,466125.8058,0,12/31/1950,Historical
1,18.477,9.969,47009982,Italy,,,868603.4374,468642.5106,1,12/31/1951,Historical
2,18.346,9.935,47390568,Italy,,,869427.3605,470825.2931,2,12/31/1952,Historical
3,18.215,9.901,47737391,Italy,,,869536.5771,472647.9083,3,12/31/1953,Historical
4,18.084,9.867,48051033,Italy,,,868954.8808,474119.5426,4,12/31/1954,Historical
5,17.953,9.833,48335578,Italy,,,867768.6318,475283.7385,5,12/31/1955,Historical
6,17.823,9.799,48598908,Italy,,,866178.3373,476220.6995,6,12/31/1956,Historical
7,17.692,9.765,48852439,Italy,,,864297.3508,477044.0668,7,12/31/1957,Historical
8,17.561,9.731,49110364,Italy,,,862427.1022,477892.9521,8,12/31/1958,Historical
9,17.766,9.76,49388391,Italy,,,877434.1545,482030.6962,9,12/31/1959,Historical
10,17.972,9.789,49699951,Italy,,,893207.5194,486512.8203,10,12/31/1960,Historical
11,18.177,9.819,50052172,Italy,,,909798.3304,491462.2769,11,12/31/1961,Historical
12,18.383,9.848,50442339,Italy,,,927281.5178,496756.1545,12,12/31/1962,Historical
13,18.588,9.877,50856405,Italy,,,945318.8561,502308.7122,13,12/31/1963,Historical
14,18.438,9.892,51273231,Italy,,,945375.8332,507194.8011,14,12/31/1964,Historical
15,18.287,9.907,51677257,Italy,,,945021.9988,511966.5851,15,12/31/1965,Historical
16,18.137,9.922,52062754,Italy,,,944262.1693,516566.6452,16,12/31/1966,Historical
17,17.986,9.937,52433489,Italy,,,943068.7332,521031.5802,17,12/31/1967,Historical
18,17.836,9.952,52794523,Italy,,,941643.1122,525411.0929,18,12/31/1968,Historical
19,17.51,9.933,53154573,Italy,,,930736.5732,527984.3736,19,12/31/1969,Historical
20,17.184,9.913,53518969,Italy,,,919669.9633,530533.5397,20,12/31/1970,Historical
21,16.857,9.894,53888874,Italy,,,908404.749,533176.5194,21,12/31/1971,Historical
22,16.531,9.874,54258741,Italy,,,896951.2475,535750.8086,22,12/31/1972,Historical
23,16.205,9.855,54619237,Italy,,,885104.7356,538272.5806,23,12/31/1973,Historical
24,15.597,9.858,54957794,Italy,,,857176.713,541773.9333,24,12/31/1974,Historical
25,14.989,9.862,55265284,Italy,,,828371.3419,545026.2308,25,12/31/1975,Historical
26,14.382,9.865,55537956,Italy,,,798746.8832,547881.9359,26,12/31/1976,Historical
27,13.774,9.869,55777880,Italy,,,768284.5191,550471.8977,27,12/31/1977,Historical
28,13.166,9.872,55988981,Italy,,,737150.9238,552723.2204,28,12/31/1978,Historical
29,12.718,9.855,56177851,Italy,,,714469.909,553632.7216,29,12/31/1979,Historical
30,12.269,9.837,56349349,Italy,,,691350.1629,554308.5461,30,12/31/1980,Historical
31,11.821,9.82,56505478,Italy,,,667951.2554,554883.794,31,12/31/1981,Historical
32,11.372,9.802,56644863,Italy,,,644165.382,555232.9471,32,12/31/1982,Historical
33,10.924,9.785,56765251,Italy,,,620103.6019,555447.981,33,12/31/1983,Historical
34,10.741,9.745,56863137,Italy,,,610766.9545,554131.2701,34,12/31/1984,Historical
35,10.559,9.705,56936774,Italy,,,601195.3967,552571.3917,35,12/31/1985,Historical
36,10.376,9.665,56983931,Italy,,,591265.2681,550749.6931,36,12/31/1986,Historical
37,10.194,9.625,57007741,Italy,,,581136.9118,548699.5071,37,12/31/1987,Historical
38,10.011,9.585,57018183,Italy,,,570809.03,546519.2841,38,12/31/1988,Historical
39,9.939,9.617,57028703,Italy,,,566808.2791,548445.0368,39,12/31/1989,Historical
40,9.867,9.649,57048236,Italy,,,562894.9446,550458.4292,40,12/31/1990,Historical
41,9.794,9.68,57088113,Italy,,,559120.9787,552612.9338,41,12/31/1991,Historical
42,9.722,9.712,57145306,Italy,,,555566.6649,554995.2119,42,12/31/1992,Historical
43,9.65,9.744,57197613,Italy,,,551956.9655,557333.5411,43,12/31/1993,Historical
44,9.573,9.777,57213544,Italy,,,547705.2567,559376.8197,44,12/31/1994,Historical
45,9.496,9.811,57174408,Italy,,,542928.1784,560938.1169,45,12/31/1995,Historical
46,9.418,9.844,57065225,Italy,,,537440.289,561750.0749,46,12/31/1996,Historical
47,9.341,9.878,56903640,Italy,,,531536.9012,562094.1559,47,12/31/1997,Historical
48,9.264,9.911,56742760,Italy,,,525664.9286,562377.4944,48,12/31/1998,Historical
49,9.317,9.887,56655632,Italy,,,527860.5233,560154.2336,49,12/31/1999,Historical
50,9.37,9.863,56692178,Italy,,,531205.7079,559154.9516,50,12/31/2000,Historical
51,9.423,9.839,56875147,Italy,,,535934.5102,559594.5713,51,12/31/2001,Historical
52,9.476,9.815,57182519,Italy,,,541861.55,561246.424,52,12/31/2002,Historical
53,9.529,9.791,57564588,Italy,,,548532.9591,563614.8811,53,12/31/2003,Historical
54,9.566,9.781,57948424,Italy,,,554334.624,566793.5351,54,12/31/2004,Historical
55,9.603,9.77,58281212,Italy,,,559674.4788,569407.4412,55,12/31/2005,Historical
56,9.641,9.76,58542619,Italy,,,564409.3898,571375.9614,56,12/31/2006,Historical
57,9.678,9.749,58747861,Italy,,,568561.7988,572732.8969,57,12/31/2007,Historical
58,9.715,9.739,58922109,Italy,,,572428.2889,573842.4196,58,12/31/2008,Historical
59,9.54,9.815,59105625,Italy,,,563867.6625,580121.7094,59,12/31/2009,Historical
60,9.365,9.892,59325229,Italy,,,555580.7696,586845.1653,60,12/31/2010,Historical
61,9.189,9.968,59589076,Italy,,,547564.0194,593983.9096,61,12/31/2011,Historical
62,9.014,10.045,59879471,Italy,,,539753.5516,601489.2862,62,12/31/2012,Historical
63,8.839,10.121,60166830,Italy,,,531814.6104,608948.4864,63,12/31/2013,Historical
64,8.597,10.192,60409620,Italy,,,519341.5031,615694.847,64,12/31/2014,Historical
65,8.354,10.262,60578494,Italy,,,506072.7389,621656.5054,65,12/31/2015,Historical
66,8.112,10.333,60663060,Italy,,,492098.7427,626831.399,66,12/31/2016,Historical
67,7.869,10.403,60673701,Italy,,,477441.3532,631188.5115,67,12/31/2017,Historical
68,7.627,10.474,60627291,Italy,,,462404.3485,635010.2459,68,12/31/2018,Historical
69,7.509,10.566,60550075,Italy,,,454670.5132,639772.0924,69,12/31/2019,Historical
0,19.932,10.611,28069735,Spain,,,559485.958,297847.9581,0,12/31/1950,Historical
1,20.135,10.457,28219620,Spain,,,568202.0487,295092.5663,1,12/31/1951,Historical
2,20.337,10.303,28399030,Spain,,,577551.0731,292595.2061,2,12/31/1952,Historical
3,20.539,10.149,28600358,Spain,,,587422.753,290265.0333,3,12/31/1953,Historical
4,20.741,9.995,28818010,Spain,,,597714.3454,288036.01,4,12/31/1954,Historical
5,20.943,9.841,29048395,Spain,,,608360.5365,285865.2552,5,12/31/1955,Historical
6,21.146,9.687,29290079,Spain,,,619368.0105,283732.9953,6,12/31/1956,Historical
7,21.348,9.533,29543624,Spain,,,630697.2852,281639.3676,7,12/31/1957,Historical
8,21.55,9.379,29811316,Spain,,,642433.8598,279600.3328,8,12/31/1958,Historical
9,21.47,9.255,30096581,Spain,,,646173.5941,278543.8572,9,12/31/1959,Historical
10,21.391,9.132,30402411,Spain,,,650337.9737,277634.8173,10,12/31/1960,Historical
11,21.311,9.008,30729652,Spain,,,654879.6138,276812.7052,11,12/31/1961,Historical
12,21.232,8.885,31075477,Spain,,,659794.5277,276105.6131,12,12/31/1962,Historical
13,21.152,8.761,31432771,Spain,,,664865.9722,275382.5067,13,12/31/1963,Historical
14,20.923,8.728,31791941,Spain,,,665182.7815,277480.061,14,12/31/1964,Historical
15,20.693,8.695,32146263,Spain,,,665202.6203,279511.7568,15,12/31/1965,Historical
16,20.464,8.662,32491644,Spain,,,664909.0028,281442.6203,16,12/31/1966,Historical
17,20.234,8.629,32830187,Spain,,,664286.0038,283291.6836,17,12/31/1967,Historical
18,20.005,8.596,33168775,Spain,,,663541.3439,285118.7899,18,12/31/1968,Historical
19,19.888,8.584,33517683,Spain,,,666599.6795,287715.7909,19,12/31/1969,Historical
20,19.772,8.572,33883749,Spain,,,669949.4852,290451.4964,20,12/31/1970,Historical
21,19.655,8.561,34267466,Spain,,,673527.0442,293363.7764,21,12/31/1971,Historical
22,19.539,8.549,34664234,Spain,,,677304.4681,296344.5365,22,12/31/1972,Historical
23,19.422,8.537,35069431,Spain,,,681118.4889,299387.7324,23,12/31/1973,Historical
24,19.045,8.443,35476423,Spain,,,675648.476,299527.4394,24,12/31/1974,Historical
25,18.668,8.349,35879209,Spain,,,669793.0736,299555.5159,25,12/31/1975,Historical
26,18.292,8.255,36276752,Spain,,,663574.3476,299464.5878,26,12/31/1976,Historical
27,17.915,8.161,36666767,Spain,,,656885.1308,299237.4855,27,12/31/1977,Historical
28,17.538,8.067,37040396,Spain,,,649614.465,298804.8745,28,12/31/1978,Historical
29,16.716,8.01,37386810,Spain,,,624957.916,299468.3481,29,12/31/1979,Historical
30,15.894,7.952,37698196,Spain,,,599175.1272,299776.0546,30,12/31/1980,Historical
31,15.071,7.895,37971972,Spain,,,572275.59,299788.7189,31,12/31/1981,Historical
32,14.249,7.837,38209693,Spain,,,544449.9156,299449.364,32,12/31/1982,Historical
33,13.427,7.78,38413317,Spain,,,515775.6074,298855.6063,33,12/31/1983,Historical
34,12.925,7.857,38586708,Spain,,,498733.2009,303175.7648,34,12/31/1984,Historical
35,12.423,7.934,38733876,Spain,,,481190.9415,307314.5722,35,12/31/1985,Historical
36,11.92,8.01,38855626,Spain,,,463159.0619,311233.5643,36,12/31/1986,Historical
37,11.418,8.087,38954497,Spain,,,444782.4467,315025.0172,37,12/31/1987,Historical
38,10.916,8.164,39038692,Spain,,,426146.3619,318711.8815,38,12/31/1988,Historical
39,10.718,8.247,39118561,Spain,,,419272.7368,322610.7726,39,12/31/1989,Historical
40,10.519,8.33,39202525,Spain,,,412371.3605,326557.0333,40,12/31/1990,Historical
41,10.321,8.413,39299081,Spain,,,405605.815,330623.1685,41,12/31/1991,Historical
42,10.122,8.496,39410857,Spain,,,398916.6946,334834.6411,42,12/31/1992,Historical
43,9.924,8.579,39533725,Spain,,,392332.6869,339159.8268,43,12/31/1993,Historical
44,9.817,8.635,39660069,Spain,,,389342.8974,342464.6958,44,12/31/1994,Historical
45,9.71,8.692,39787419,Spain,,,386335.8385,345832.2459,45,12/31/1995,Historical
46,9.602,8.748,39908959,Spain,,,383205.8243,349123.5733,46,12/31/1996,Historical
47,9.495,8.805,40035293,Spain,,,380135.107,352510.7549,47,12/31/1997,Historical
48,9.388,8.861,40201560,Spain,,,377412.2453,356226.0232,48,12/31/1998,Historical
49,9.54,8.849,40454470,Spain,,,385935.6438,357981.605,49,12/31/1999,Historical
50,9.692,8.837,40824754,Spain,,,395673.5158,360768.3511,50,12/31/2000,Historical
51,9.845,8.824,41319427,Spain,,,406789.7588,364602.6238,51,12/31/2001,Historical
52,9.997,8.812,41919585,Spain,,,419070.0912,369395.383,52,12/31/2002,Historical
53,10.149,8.8,42596453,Spain,,,432311.4015,374848.7864,53,12/31/2003,Historical
54,10.375,8.735,43308345,Spain,,,449324.0794,378298.3936,54,12/31/2004,Historical
55,10.601,8.669,44019123,Spain,,,466646.7229,381601.7773,55,12/31/2005,Historical
56,10.827,8.604,44728565,Spain,,,484276.1733,384844.5733,56,12/31/2006,Historical
57,11.053,8.538,45429076,Spain,,,502127.577,387873.4509,57,12/31/2007,Historical
58,11.279,8.473,46068811,Spain,,,519610.1193,390341.0356,58,12/31/2008,Historical
59,10.943,8.475,46583565,Spain,,,509763.9518,394795.7134,59,12/31/2009,Historical
60,10.607,8.476,46931015,Spain,,,497797.2761,397787.2831,60,12/31/2010,Historical
61,10.27,8.478,47084240,Spain,,,483555.1448,399180.1867,61,12/31/2011,Historical
62,9.934,8.479,47063060,Spain,,,467524.438,399047.6857,62,12/31/2012,Historical
63,9.598,8.481,46930555,Spain,,,450439.4669,398018.037,63,12/31/2013,Historical
64,9.382,8.588,46777925,Spain,,,438870.4924,401728.8199,64,12/31/2014,Historical
65,9.165,8.695,46671926,Spain,,,427748.2018,405812.3966,65,12/31/2015,Historical
66,8.949,8.803,46634140,Spain,,,417328.9189,410520.3344,66,12/31/2016,Historical
67,8.732,8.91,46647428,Spain,,,407325.3413,415628.5835,67,12/31/2017,Historical
68,8.516,9.017,46692858,Spain,,,397636.3787,421029.5006,68,12/31/2018,Historical
69,8.391,9.115,46736776,Spain,,,392168.2874,426005.7132,69,12/31/2019,Historical
0,19.636,13.259,41833882,France,,,821450.107,554675.4414,0,12/31/1950,Historical
1,19.461,13.077,42031191,France,,,817969.0081,549641.8847,1,12/31/1951,Historical
2,19.285,12.895,42315600,France,,,816056.346,545659.662,2,12/31/1952,Historical
3,19.109,12.713,42654662,France,,,815087.9362,542268.718,3,12/31/1953,Historical
4,18.933,12.531,43024816,France,,,814588.8413,539143.9693,4,12/31/1954,Historical
5,18.757,12.349,43411367,France,,,814267.0108,536086.9711,5,12/31/1955,Historical
6,18.582,12.167,43808989,France,,,814058.6336,533023.9692,6,12/31/1956,Historical
7,18.406,11.985,44221227,France,,,813935.9042,529991.4056,7,12/31/1957,Historical
8,18.23,11.803,44659046,France,,,814134.4086,527110.7199,8,12/31/1958,Historical
9,18.241,11.697,45138438,France,,,823370.2476,527984.3093,9,12/31/1959,Historical
10,18.252,11.591,45673146,France,,,833626.2608,529397.4353,10,12/31/1960,Historical
11,18.264,11.484,46266981,France,,,845020.141,531330.0098,11,12/31/1961,Historical
12,18.275,11.378,46907042,France,,,857226.1925,533708.3239,12,12/31/1962,Historical
13,18.286,11.272,47560826,France,,,869697.2642,536105.6307,13,12/31/1963,Historical
14,18.066,11.228,48184418,France,,,870499.6956,541014.6453,14,12/31/1964,Historical
15,17.846,11.185,48746652,France,,,869932.7516,545231.3026,15,12/31/1965,Historical
16,17.626,11.141,49232539,France,,,867772.7324,548499.717,16,12/31/1966,Historical
17,17.406,11.098,49651083,France,,,864226.7507,551027.7191,17,12/31/1967,Historical
18,17.186,11.054,50024582,France,,,859722.4663,552971.7294,18,12/31/1968,Historical
19,16.964,10.99,50387448,France,,,854772.6679,553758.0535,19,12/31/1969,Historical
20,16.742,10.926,50763920,France,,,849889.5486,554646.5899,20,12/31/1970,Historical
21,16.519,10.861,51162568,France,,,845154.4608,555676.651,21,12/31/1971,Historical
22,16.297,10.797,51573265,France,,,840489.4997,556836.5422,22,12/31/1972,Historical
23,16.075,10.733,51979527,France,,,835570.8965,557896.2633,23,12/31/1973,Historical
24,15.62,10.655,52356796,France,,,817813.1535,557861.6614,24,12/31/1974,Historical
25,15.165,10.577,52688576,France,,,799022.255,557287.0684,25,12/31/1975,Historical
26,14.709,10.498,52969317,France,,,779125.6838,556071.8899,26,12/31/1976,Historical
27,14.254,10.42,53208554,France,,,758434.7287,554433.1327,27,12/31/1977,Historical
28,13.799,10.342,53423112,France,,,737185.5225,552501.8243,28,12/31/1978,Historical
29,13.87,10.301,53637069,France,,,743946.147,552515.4478,29,12/31/1979,Historical
30,13.94,10.26,53868009,France,,,750920.0455,552685.7723,30,12/31/1980,Historical
31,14.011,10.22,54121013,France,,,758289.5131,553116.7529,31,12/31/1981,Historical
32,14.081,10.179,54391471,France,,,765886.3032,553650.7833,32,12/31/1982,Historical
33,14.152,10.138,54675371,France,,,773765.8504,554298.9112,33,12/31/1983,Historical
34,14.058,10.035,54965164,France,,,772700.2755,551575.4207,34,12/31/1984,Historical
35,13.964,9.932,55254848,France,,,771578.6975,548791.1503,35,12/31/1985,Historical
36,13.869,9.828,55545273,France,,,770357.3912,545898.943,36,12/31/1986,Historical
37,13.775,9.725,55837627,France,,,769163.3119,543020.9226,37,12/31/1987,Historical
38,13.681,9.622,56126325,France,,,767864.2523,540047.4991,38,12/31/1988,Historical
39,13.502,9.547,56404304,France,,,761570.9126,538491.8903,39,12/31/1989,Historical
40,13.324,9.473,56666849,France,,,755029.0961,536805.0606,40,12/31/1990,Historical
41,13.145,9.398,56913587,France,,,748129.1011,534873.8906,41,12/31/1991,Historical
42,12.967,9.324,57147213,France,,,741027.911,532840.614,42,12/31/1992,Historical
43,12.788,9.249,57370381,France,,,733652.4322,530618.6539,43,12/31/1993,Historical
44,12.769,9.239,57587131,France,,,735330.0757,532047.5033,44,12/31/1994,Historical
45,12.75,9.23,57801892,France,,,736974.123,533511.4632,45,12/31/1995,Historical
46,12.731,9.22,58012058,France,,,738551.5104,534871.1748,46,12/31/1996,Historical
47,12.712,9.211,58220659,France,,,740101.0172,536270.49,47,12/31/1997,Historical
48,12.693,9.201,58444246,France,,,741832.8145,537745.5074,48,12/31/1998,Historical
49,12.725,9.146,58704381,France,,,747013.2482,536910.2686,49,12/31/1999,Historical
50,12.757,9.092,59015096,France,,,752855.5797,536565.2528,50,12/31/2000,Historical
51,12.788,9.037,59384132,France,,,759404.28,536654.4009,51,12/31/2001,Historical
52,12.82,8.983,59803441,France,,,766680.1136,537214.3105,52,12/31/2002,Historical
53,12.852,8.928,60251588,France,,,774353.409,537926.1777,53,12/31/2003,Historical
54,12.846,8.86,60697981,France,,,779726.2639,537784.1117,54,12/31/2004,Historical
55,12.84,8.792,61120127,France,,,784782.4307,537368.1566,55,12/31/2005,Historical
56,12.835,8.723,61508926,France,,,789467.0652,536542.3615,56,12/31/2006,Historical
57,12.829,8.655,61869227,France,,,793720.3132,535478.1597,57,12/31/2007,Historical
58,12.823,8.587,62209207,France,,,797708.6614,534190.4605,58,12/31/2008,Historical
59,12.728,8.617,62542900,France,,,796046.0312,538932.1693,59,12/31/2009,Historical
60,12.633,8.646,62879530,France,,,794357.1025,543656.4164,60,12/31/2010,Historical
61,12.537,8.676,63222227,France,,,792617.0599,548516.0415,61,12/31/2011,Historical
62,12.442,8.705,63564221,France,,,790866.0377,553326.5438,62,12/31/2012,Historical
63,12.347,8.735,63893525,France,,,788893.3532,558109.9409,63,12/31/2013,Historical
64,12.125,8.842,64193550,France,,,778346.7938,567599.3691,64,12/31/2014,Historical
65,11.902,8.949,64453200,France,,,767121.9864,576791.6868,65,12/31/2015,Historical
66,11.68,9.055,64667596,France,,,755317.5213,585565.0818,66,12/31/2016,Historical
67,11.457,9.162,64842509,France,,,742900.6256,594087.0675,67,12/31/2017,Historical
68,11.235,9.269,64990511,France,,,730168.3911,602397.0465,68,12/31/2018,Historical
69,11.171,9.317,65129728,France,,,727564.1915,606813.6758,69,12/31/2019,Historical
0,14.39,11.828,50616014,United Kingdom,,,728364.4415,598686.2136,0,12/31/1950,Historical
1,14.641,11.801,50601935,United Kingdom,,,740862.9303,597153.4349,1,12/31/1951,Historical
2,14.892,11.775,50651280,United Kingdom,,,754298.8618,596418.822,2,12/31/1952,Historical
3,15.143,11.748,50750976,United Kingdom,,,768522.0296,596222.466,3,12/31/1953,Historical
4,15.394,11.721,50890915,United Kingdom,,,783414.7455,596492.4147,4,12/31/1954,Historical
5,15.645,11.695,51063902,United Kingdom,,,798894.7468,597192.3339,5,12/31/1955,Historical
6,15.896,11.668,51265880,United Kingdom,,,814922.4285,598170.2878,6,12/31/1956,Historical
7,16.147,11.642,51495702,United Kingdom,,,831501.1002,599512.9627,7,12/31/1957,Historical
8,16.398,11.615,51754673,United Kingdom,,,848673.1279,601130.5269,8,12/31/1958,Historical
9,16.778,11.656,52045662,United Kingdom,,,873222.117,606644.2363,9,12/31/1959,Historical
10,17.159,11.697,52370602,United Kingdom,,,898627.1597,612578.9316,10,12/31/1960,Historical
11,17.539,11.738,52727768,United Kingdom,,,924792.323,618918.5408,11,12/31/1961,Historical
12,17.92,11.779,53109399,United Kingdom,,,951720.4301,625575.6108,12,12/31/1962,Historical
13,18.3,11.82,53500716,United Kingdom,,,979063.1028,632378.4631,13,12/31/1963,Historical
14,18.023,11.807,53882751,United Kingdom,,,971128.8213,636193.6411,14,12/31/1964,Historical
15,17.747,11.794,54240850,United Kingdom,,,962612.365,639716.5849,15,12/31/1965,Historical
16,17.47,11.78,54568868,United Kingdom,,,953318.124,642821.265,16,12/31/1966,Historical
17,17.194,11.767,54866534,United Kingdom,,,943375.1856,645614.5056,17,12/31/1967,Historical
18,16.917,11.754,55132596,United Kingdom,,,932678.1265,648028.5334,18,12/31/1968,Historical
19,16.24,11.771,55367947,United Kingdom,,,899175.4593,651736.1041,19,12/31/1969,Historical
20,15.563,11.789,55573453,United Kingdom,,,864889.649,655155.4374,20,12/31/1970,Historical
21,14.887,11.806,55748531,United Kingdom,,,829928.381,658167.157,21,12/31/1971,Historical
22,14.21,11.824,55892418,United Kingdom,,,794231.2598,660871.9504,22,12/31/1972,Historical
23,13.533,11.841,56006296,United Kingdom,,,757933.2038,663170.5509,23,12/31/1973,Historical
24,13.223,11.857,56092066,United Kingdom,,,741705.3887,665083.6266,24,12/31/1974,Historical
25,12.913,11.873,56152333,United Kingdom,,,725095.076,666696.6497,25,12/31/1975,Historical
26,12.603,11.888,56188348,United Kingdom,,,708141.7498,667967.081,26,12/31/1976,Historical
27,12.293,11.904,56203595,United Kingdom,,,690910.7933,669047.5949,27,12/31/1977,Historical
28,11.983,11.92,56205913,United Kingdom,,,673515.4555,669974.483,28,12/31/1978,Historical
29,12.147,11.882,56205083,United Kingdom,,,682723.1432,667828.7962,29,12/31/1979,Historical
30,12.311,11.844,56209171,United Kingdom,,,691991.1042,665741.4213,30,12/31/1980,Historical
31,12.474,11.806,56220735,United Kingdom,,,701297.4484,663741.9974,31,12/31/1981,Historical
32,12.638,11.768,56241412,United Kingdom,,,710778.9649,661848.9364,32,12/31/1982,Historical
33,12.802,11.73,56276798,United Kingdom,,,720455.568,660126.8405,33,12/31/1983,Historical
34,12.989,11.693,56332901,United Kingdom,,,731708.0511,658700.6114,34,12/31/1984,Historical
35,13.176,11.656,56413553,United Kingdom,,,743304.9743,657556.3738,35,12/31/1985,Historical
36,13.363,11.62,56522503,United Kingdom,,,755310.2076,656791.4849,36,12/31/1986,Historical
37,13.55,11.583,56658270,United Kingdom,,,767719.5585,656272.7414,37,12/31/1987,Historical
38,13.737,11.546,56812757,United Kingdom,,,780436.8429,655960.0923,38,12/31/1988,Historical
39,13.639,11.474,56974297,United Kingdom,,,777072.4368,653723.0838,39,12/31/1989,Historical
40,13.541,11.402,57134391,United Kingdom,,,773656.7885,651446.3262,40,12/31/1990,Historical
41,13.442,11.33,57290785,United Kingdom,,,770102.732,649104.5941,41,12/31/1991,Historical
42,13.344,11.258,57446037,United Kingdom,,,766559.9177,646727.4845,42,12/31/1992,Historical
43,13.246,11.186,57602284,United Kingdom,,,762999.8539,644339.1488,43,12/31/1993,Historical
44,13.094,11.119,57763378,United Kingdom,,,756353.6715,642271,44,12/31/1994,Historical
45,12.942,11.053,57932453,United Kingdom,,,749761.8067,640327.403,45,12/31/1995,Historical
46,12.791,10.986,58113557,United Kingdom,,,743330.5076,638435.5372,46,12/31/1996,Historical
47,12.639,10.92,58307313,United Kingdom,,,736946.129,636715.858,47,12/31/1997,Historical
48,12.487,10.853,58509974,United Kingdom,,,730614.0453,635008.7478,48,12/31/1998,Historical
49,12.277,10.72,58715854,United Kingdom,,,720854.5396,629433.9549,49,12/31/1999,Historical
50,12.066,10.586,58923309,United Kingdom,,,710968.6464,623762.1491,50,12/31/2000,Historical
51,11.856,10.453,59124288,United Kingdom,,,700977.5585,618026.1825,51,12/31/2001,Historical
52,11.645,10.319,59326294,United Kingdom,,,690854.6936,612188.0278,52,12/31/2002,Historical
53,11.435,10.186,59561432,United Kingdom,,,681084.9749,606692.7464,53,12/31/2003,Historical
54,11.657,10.022,59872753,United Kingdom,,,697936.6817,600044.7306,54,12/31/2004,Historical
55,11.878,9.858,60287954,United Kingdom,,,716100.3176,594318.6505,55,12/31/2005,Historical
56,12.1,9.695,60821356,United Kingdom,,,735938.4076,589663.0464,56,12/31/2006,Historical
57,12.321,9.531,61455162,United Kingdom,,,757189.051,585729.149,57,12/31/2007,Historical
58,12.543,9.367,62145097,United Kingdom,,,779485.9517,582113.1236,58,12/31/2008,Historical
59,12.524,9.302,62828616,United Kingdom,,,786865.5868,584431.786,59,12/31/2009,Historical
60,12.505,9.238,63459808,United Kingdom,,,793564.899,586241.7063,60,12/31/2010,Historical
61,12.485,9.173,64021919,United Kingdom,,,799313.6587,587273.063,61,12/31/2011,Historical
62,12.466,9.109,64525312,United Kingdom,,,804372.5394,587761.067,62,12/31/2012,Historical
63,12.447,9.044,64984018,United Kingdom,,,808856.072,587715.4588,63,12/31/2013,Historical
64,12.266,9.112,65423047,United Kingdom,,,802479.0945,596134.8043,64,12/31/2014,Historical
65,12.085,9.179,65860146,United Kingdom,,,795919.8644,604530.2801,65,12/31/2015,Historical
66,11.905,9.247,66297944,United Kingdom,,,789277.0233,613057.0882,66,12/31/2016,Historical
67,11.724,9.314,66727461,United Kingdom,,,782312.7528,621499.5718,67,12/31/2017,Historical
68,11.543,9.382,67141684,United Kingdom,,,775016.4584,629923.2793,68,12/31/2018,Historical
69,11.488,9.398,67530172,United Kingdom,,,775786.6159,634648.5565,69,12/31/2019,Historical
0,15.13,10.876,69966243,Germany,,,1058589.257,760952.8589,0,12/31/1950,Historical
1,15.314,10.957,70300010,Germany,,,1076574.353,770277.2096,1,12/31/1951,Historical
2,15.497,11.039,70620277,Germany,,,1094402.433,779577.2378,2,12/31/1952,Historical
3,15.681,11.121,70929844,Germany,,,1112250.884,788810.7951,3,12/31/1953,Historical
4,15.865,11.203,71233392,Germany,,,1130117.764,798027.6906,4,12/31/1954,Historical
5,16.048,11.285,71537459,Germany,,,1148033.142,807300.2248,5,12/31/1955,Historical
6,16.232,11.366,71850649,Germany,,,1166279.735,816654.4765,6,12/31/1956,Historical
7,16.415,11.448,72183458,Germany,,,1184891.463,826356.2272,7,12/31/1957,Historical
8,16.599,11.53,72547578,Germany,,,1204217.247,836473.5743,8,12/31/1958,Historical
9,16.813,11.596,72954886,Germany,,,1226590.498,845984.8581,9,12/31/1959,Historical
10,17.028,11.662,73414239,Germany,,,1250097.662,856156.8552,10,12/31/1960,Historical
11,17.242,11.728,73928082,Germany,,,1274667.99,867028.5457,11,12/31/1961,Historical
12,17.457,11.794,74489454,Germany,,,1300362.398,878528.6205,12,12/31/1962,Historical
13,17.671,11.86,75080748,Germany,,,1326751.898,890457.6713,13,12/31/1963,Historical
14,17.333,11.936,75677307,Germany,,,1311714.762,903284.3364,14,12/31/1964,Historical
15,16.995,12.011,76258032,Germany,,,1296005.254,915935.2224,15,12/31/1965,Historical
16,16.658,12.087,76819577,Germany,,,1279660.514,928518.2272,16,12/31/1966,Historical
17,16.32,12.162,77357255,Germany,,,1262470.402,940818.9353,17,12/31/1967,Historical
18,15.982,12.238,77847179,Germany,,,1244153.615,952693.7766,18,12/31/1968,Historical
19,15.051,12.271,78260755,Germany,,,1177902.624,960337.7246,19,12/31/1969,Historical
20,14.12,12.304,78578385,Germany,,,1109526.796,966828.449,20,12/31/1970,Historical
21,13.188,12.338,78789939,Germany,,,1039081.716,972110.2674,21,12/31/1971,Historical
22,12.257,12.371,78901818,Germany,,,967099.5832,976094.3905,22,12/31/1972,Historical
23,11.326,12.404,78932455,Germany,,,893988.9853,979078.1718,23,12/31/1973,Historical
24,11.123,12.393,78909807,Germany,,,877713.7833,977929.2382,24,12/31/1974,Historical
25,10.92,12.383,78856039,Germany,,,861107.9459,976474.3309,25,12/31/1975,Historical
26,10.716,12.372,78781733,Germany,,,844225.0508,974687.6007,26,12/31/1976,Historical
27,10.513,12.362,78687323,Germany,,,827239.8267,972732.6869,27,12/31/1977,Historical
28,10.31,12.351,78573586,Germany,,,810093.6717,970462.3607,28,12/31/1978,Historical
29,10.384,12.32,78438164,Germany,,,814501.895,966358.1805,29,12/31/1979,Historical
30,10.458,12.289,78283100,Germany,,,818684.6598,962021.0159,30,12/31/1980,Historical
31,10.532,12.259,78107857,Germany,,,822631.9499,957524.219,31,12/31/1981,Historical
32,10.606,12.228,77926011,Germany,,,826483.2727,952879.2625,32,12/31/1982,Historical
33,10.68,12.197,77770213,Germany,,,830585.8748,948563.288,33,12/31/1983,Historical
34,10.735,12.113,77682295,Germany,,,833919.4368,940965.6393,34,12/31/1984,Historical
35,10.79,12.029,77691595,Germany,,,838292.3101,934552.1963,35,12/31/1985,Historical
36,10.846,11.945,77806147,Germany,,,843885.4704,929394.4259,36,12/31/1986,Historical
37,10.901,11.861,78015731,Germany,,,850449.4836,925344.5854,37,12/31/1987,Historical
38,10.956,11.777,78307525,Germany,,,857937.2439,922227.7219,38,12/31/1988,Historical
39,10.743,11.671,78660303,Germany,,,845047.6351,918044.3963,39,12/31/1989,Historical
40,10.53,11.565,79053984,Germany,,,832438.4515,914259.325,40,12/31/1990,Historical
41,10.316,11.459,79490835,Germany,,,820027.4539,910885.4783,41,12/31/1991,Historical
42,10.103,11.353,79963159,Germany,,,807867.7954,907821.7441,42,12/31/1992,Historical
43,9.89,11.247,80428556,Germany,,,795438.4188,904579.9693,43,12/31/1993,Historical
44,9.825,11.134,80832937,Germany,,,794183.606,899993.9206,44,12/31/1994,Historical
45,9.761,11.021,81138659,Germany,,,791994.4505,894229.1608,45,12/31/1995,Historical
46,9.696,10.909,81323664,Germany,,,788514.2461,887159.8506,46,12/31/1996,Historical
47,9.632,10.796,81399251,Germany,,,784037.5856,878786.3138,47,12/31/1997,Historical
48,9.567,10.683,81402673,Germany,,,778779.3726,869624.7557,48,12/31/1998,Historical
49,9.412,10.61,81389927,Germany,,,766041.9929,863547.1255,49,12/31/1999,Historical
50,9.256,10.537,81400882,Germany,,,753446.5638,857721.0936,50,12/31/2000,Historical
51,9.101,10.464,81453885,Germany,,,741311.8074,852333.4526,51,12/31/2001,Historical
52,8.945,10.391,81535122,Germany,,,729331.6663,847231.4527,52,12/31/2002,Historical
53,8.79,10.318,81614380,Germany,,,717390.4002,842097.1728,53,12/31/2003,Historical
54,8.703,10.329,81646474,Germany,,,710569.2632,843326.4299,54,12/31/2004,Historical
55,8.616,10.34,81602741,Germany,,,703089.2165,843772.3419,55,12/31/2005,Historical
56,8.53,10.35,81472226,Germany,,,694958.0878,843237.5391,56,12/31/2006,Historical
57,8.443,10.361,81277830,Germany,,,686228.7187,842119.5966,57,12/31/2007,Historical
58,8.356,10.372,81065752,Germany,,,677385.4237,840813.9797,58,12/31/2008,Historical
59,8.389,10.483,80899961,Germany,,,678669.7728,848074.2912,59,12/31/2009,Historical
60,8.422,10.594,80827002,Germany,,,680725.0108,856281.2592,60,12/31/2010,Historical
61,8.456,10.706,80855632,Germany,,,683715.2242,865640.3962,61,12/31/2011,Historical
62,8.489,10.817,80972628,Germany,,,687376.6391,875880.9171,62,12/31/2012,Historical
63,8.522,10.928,81174367,Germany,,,691767.9556,887073.4826,63,12/31/2013,Historical
64,8.7,10.974,81450378,Germany,,,708618.2886,893836.4482,64,12/31/2014,Historical
65,8.878,11.02,81787411,Germany,,,726108.6349,901297.2692,65,12/31/2015,Historical
66,9.057,11.066,82193768,Germany,,,744428.9568,909556.2367,66,12/31/2016,Historical
67,9.235,11.112,82658409,Germany,,,763350.4071,918500.2408,67,12/31/2017,Historical
68,9.413,11.158,83124418,Germany,,,782450.1466,927502.256,68,12/31/2018,Historical
69,9.405,11.275,83517045,Germany,,,785477.8082,941654.6824,69,12/31/2019,Historical
0,27.646,12.26,102798657,Russia,,,2841971.671,1260311.535,0,12/31/1950,Historical
1,27.403,11.839,104304693,Russia,,,2858261.502,1234863.26,1,12/31/1951,Historical
2,27.161,11.418,105967080,Russia,,,2878171.86,1209932.119,2,12/31/1952,Historical
3,26.918,10.997,107727318,Russia,,,2899803.946,1184677.316,3,12/31/1953,Historical
4,26.675,10.576,109536494,Russia,,,2921885.977,1158457.961,4,12/31/1954,Historical
5,26.433,10.155,111355300,Russia,,,2943454.645,1130813.072,5,12/31/1955,Historical
6,26.19,9.734,113154334,Russia,,,2963512.007,1101444.287,6,12/31/1956,Historical
7,25.948,9.313,114913779,Russia,,,2981782.737,1070192.024,7,12/31/1957,Historical
8,25.705,8.892,116622407,Russia,,,2997778.972,1037006.443,8,12/31/1958,Historical
9,24.789,8.734,118275877,Russia,,,2931940.715,1033021.51,9,12/31/1959,Historical
10,23.872,8.576,119871700,Russia,,,2861577.222,1028019.699,10,12/31/1960,Historical
11,22.956,8.419,121403892,Russia,,,2786947.745,1022099.367,11,12/31/1961,Historical
12,22.039,8.261,122858227,Russia,,,2707672.465,1014931.813,12,12/31/1962,Historical
13,21.123,8.103,124210252,Russia,,,2623693.153,1006475.672,13,12/31/1963,Historical
14,19.893,8.169,125430993,Russia,,,2495198.744,1024645.782,14,12/31/1964,Historical
15,18.663,8.236,126503736,Russia,,,2360939.225,1041884.77,15,12/31/1965,Historical
16,17.432,8.302,127417190,Russia,,,2221136.456,1057817.511,16,12/31/1966,Historical
17,16.202,8.369,128187396,Russia,,,2076892.19,1072800.317,17,12/31/1967,Historical
18,14.972,8.435,128859798,Russia,,,1929288.896,1086932.396,18,12/31/1968,Historical
19,15.052,8.624,129497501,Russia,,,1949196.385,1116786.449,19,12/31/1969,Historical
20,15.132,8.813,130148653,Russia,,,1969409.417,1147000.079,20,12/31/1970,Historical
21,15.211,9.002,130830719,Russia,,,1990066.067,1177738.132,21,12/31/1971,Historical
22,15.291,9.191,131539634,Russia,,,2011372.543,1208980.776,22,12/31/1972,Historical
23,15.371,9.38,132275731,Russia,,,2033210.261,1240746.357,23,12/31/1973,Historical
24,15.451,9.589,133032262,Russia,,,2055481.48,1275646.36,24,12/31/1974,Historical
25,15.531,9.797,133804858,Russia,,,2078123.25,1310886.194,25,12/31/1975,Historical
26,15.61,10.006,134596232,Russia,,,2101047.182,1346769.897,26,12/31/1976,Historical
27,15.69,10.214,135413334,Russia,,,2124635.21,1383111.793,27,12/31/1977,Historical
28,15.77,10.423,136259824,Russia,,,2148817.424,1420236.146,28,12/31/1978,Historical
29,15.963,10.603,137139388,Russia,,,2189156.051,1454088.931,29,12/31/1979,Historical
30,16.157,10.783,138053150,Russia,,,2230524.745,1488627.116,30,12/31/1980,Historical
31,16.35,10.963,138993847,Russia,,,2272549.398,1523789.545,31,12/31/1981,Historical
32,16.544,11.143,139954624,Russia,,,2315409.299,1559514.375,32,12/31/1982,Historical
33,16.737,11.323,140935780,Russia,,,2358842.15,1595815.837,33,12/31/1983,Historical
34,16.625,11.279,141938487,Russia,,,2359727.346,1600924.195,34,12/31/1984,Historical
35,16.513,11.236,142957284,Russia,,,2360653.631,1606268.043,35,12/31/1985,Historical
36,16.402,11.192,143995348,Russia,,,2361811.698,1611595.935,36,12/31/1986,Historical
37,16.29,11.149,145032888,Russia,,,2362585.746,1616971.668,37,12/31/1987,Historical
38,16.178,11.105,146013488,Russia,,,2362206.209,1621479.784,38,12/31/1988,Historical
39,15.113,11.54,146863931,Russia,,,2219554.589,1694809.764,39,12/31/1989,Historical
40,14.048,11.974,147531561,Russia,,,2072523.369,1766542.911,40,12/31/1990,Historical
41,12.982,12.409,147995593,Russia,,,1921278.788,1836477.314,41,12/31/1991,Historical
42,11.917,12.843,148268581,Russia,,,1766916.68,1904213.386,42,12/31/1992,Historical
43,10.852,13.278,148373580,Russia,,,1610150.09,1970104.395,43,12/31/1993,Historical
44,10.464,13.544,148349441,Russia,,,1552328.551,2009244.829,44,12/31/1994,Historical
45,10.076,13.811,148227466,Russia,,,1493539.947,2047169.533,45,12/31/1995,Historical
46,9.688,14.077,148020847,Russia,,,1434025.966,2083689.463,46,12/31/1996,Historical
47,9.3,14.344,147730019,Russia,,,1373889.177,2119039.393,47,12/31/1997,Historical
48,8.912,14.61,147360604,Russia,,,1313277.703,2152938.424,48,12/31/1998,Historical
49,9.092,14.894,146915915,Russia,,,1335759.499,2188165.638,49,12/31/1999,Historical
50,9.272,15.178,146404903,Russia,,,1357466.261,2222133.618,50,12/31/2000,Historical
51,9.451,15.463,145830721,Russia,,,1378246.144,2254980.439,51,12/31/2001,Historical
52,9.631,15.747,145215700,Russia,,,1398572.407,2286711.628,52,12/31/2002,Historical
53,9.811,16.031,144610882,Russia,,,1418777.363,2318257.049,53,12/31/2003,Historical
54,10.133,15.811,144080643,Russia,,,1459969.156,2278059.046,54,12/31/2004,Historical
55,10.455,15.59,143672116,Russia,,,1502091.973,2239848.288,55,12/31/2005,Historical
56,10.776,15.37,143403256,Russia,,,1545313.487,2204108.045,56,12/31/2006,Historical
57,11.098,15.149,143266212,Russia,,,1589968.421,2170339.846,57,12/31/2007,Historical
58,11.42,14.929,143248764,Russia,,,1635900.885,2138560.798,58,12/31/2008,Historical
59,11.732,14.621,143326913,Russia,,,1681511.343,2095582.795,59,12/31/2009,Historical
60,12.044,14.313,143479274,Russia,,,1728064.376,2053618.849,60,12/31/2010,Historical
61,12.357,14.005,143703025,Russia,,,1775738.28,2012560.865,61,12/31/2011,Historical
62,12.669,13.697,143993892,Russia,,,1824258.618,1972284.339,62,12/31/2012,Historical
63,12.981,13.389,144325449,Russia,,,1873488.653,1932373.437,63,12/31/2013,Historical
64,12.939,13.255,144664841,Russia,,,1871818.378,1917532.467,64,12/31/2014,Historical
65,12.897,13.121,144985057,Russia,,,1869872.28,1902348.933,65,12/31/2015,Historical
66,12.854,12.987,145275383,Russia,,,1867369.773,1886691.399,66,12/31/2016,Historical
67,12.812,12.853,145530082,Russia,,,1864531.411,1870498.144,67,12/31/2017,Historical
68,12.77,12.719,145734038,Russia,,,1861023.665,1853591.229,68,12/31/2018,Historical
69,12.482,12.785,145872256,Russia,,,1820777.499,1864976.793,69,12/31/2019,Historical
0,51.723,28.71,17119265,Iran,,,885459.7436,491494.0982,0,12/31/1950,Historical
1,51.382,28.071,17516679,Iran,,,900042.0004,491710.6962,1,12/31/1951,Historical
2,51.04,27.433,17933502,Iran,,,915325.9421,491969.7604,2,12/31/1952,Historical
3,50.698,26.795,18369051,Iran,,,931274.1476,492198.7215,3,12/31/1953,Historical
4,50.356,26.157,18822757,Iran,,,947838.7515,492346.8548,4,12/31/1954,Historical
5,50.014,25.519,19294127,Iran,,,964976.4678,492366.8269,5,12/31/1955,Historical
6,49.673,24.88,19782824,Iran,,,982672.2166,492196.6611,6,12/31/1956,Historical
7,49.331,24.242,20288539,Iran,,,1000853.917,491834.7624,7,12/31/1957,Historical
8,48.989,23.604,20811144,Iran,,,1019517.133,491226.243,8,12/31/1958,Historical
9,48.465,22.941,21350574,Iran,,,1034755.569,489803.5181,9,12/31/1959,Historical
10,47.942,22.278,21906914,Iran,,,1050261.271,488042.2301,10,12/31/1960,Historical
11,47.418,21.614,22480372,Iran,,,1065974.279,485890.7604,11,12/31/1961,Historical
12,46.895,20.951,23071315,Iran,,,1081929.317,483367.1206,12,12/31/1962,Historical
13,46.371,20.288,23680258,Iran,,,1098077.244,480425.0743,13,12/31/1963,Historical
14,45.798,19.684,24307860,Iran,,,1113251.372,478475.9162,14,12/31/1964,Historical
15,45.226,19.081,24954873,Iran,,,1128609.086,476163.9317,15,12/31/1965,Historical
16,44.653,18.477,25624373,Iran,,,1144205.128,473461.5399,16,12/31/1966,Historical
17,44.081,17.874,26317783,Iran,,,1160114.192,470404.0533,17,12/31/1967,Historical
18,43.508,17.27,27032571,Iran,,,1176133.099,466852.5012,18,12/31/1968,Historical
19,43.07,16.674,27764924,Iran,,,1195835.277,462952.3428,19,12/31/1969,Historical
20,42.632,16.078,28513866,Iran,,,1215603.135,458445.9375,20,12/31/1970,Historical
21,42.194,15.482,29281591,Iran,,,1235507.451,453337.5919,21,12/31/1971,Historical
22,41.756,14.886,30075297,Iran,,,1255824.102,447700.8711,22,12/31/1972,Historical
23,41.318,14.29,30905707,Iran,,,1276962.002,441642.553,23,12/31/1973,Historical
24,41.578,13.772,31786471,Iran,,,1321617.891,437763.2786,24,12/31/1974,Historical
25,41.838,13.255,32729772,Iran,,,1369348.201,433833.1279,25,12/31/1975,Historical
26,42.099,12.737,33733961,Iran,,,1420166.024,429669.4613,26,12/31/1976,Historical
27,42.359,12.22,34803045,Iran,,,1474222.183,425293.2099,27,12/31/1977,Historical
28,42.619,11.702,35960805,Iran,,,1532613.548,420813.3401,28,12/31/1978,Historical
29,42.976,12.02,37237137,Iran,,,1600303.2,447590.3867,29,12/31/1979,Historical
30,43.333,12.338,38650246,Iran,,,1674831.11,476866.7351,30,12/31/1980,Historical
31,43.69,12.655,40199906,Iran,,,1756333.893,508729.8104,31,12/31/1981,Historical
32,44.047,12.973,41869236,Iran,,,1844214.238,543169.5986,32,12/31/1982,Historical
33,44.404,13.291,43636837,Iran,,,1937650.11,579977.2006,33,12/31/1983,Historical
34,43.126,12.434,45472791,Iran,,,1961059.585,565408.6833,34,12/31/1984,Historical
35,41.848,11.577,47347186,Iran,,,1981385.04,548138.3723,35,12/31/1985,Historical
36,40.571,10.719,49260255,Iran,,,1998537.806,528020.6733,36,12/31/1986,Historical
37,39.293,9.862,51193782,Iran,,,2011557.276,504873.0781,37,12/31/1987,Historical
38,38.015,9.005,53077313,Iran,,,2017734.054,477961.2036,38,12/31/1988,Historical
39,35.656,8.391,54822003,Iran,,,1954733.339,460011.4272,39,12/31/1989,Historical
40,33.297,7.777,56366217,Iran,,,1876825.927,438360.0696,40,12/31/1990,Historical
41,30.939,7.163,57679034,Iran,,,1784531.633,413154.9205,41,12/31/1991,Historical
42,28.58,6.549,58780370,Iran,,,1679942.975,384952.6431,42,12/31/1992,Historical
43,26.221,5.935,59723764,Iran,,,1566016.816,354460.5393,43,12/31/1993,Historical
44,24.798,5.799,60590614,Iran,,,1502526.046,351364.9706,44,12/31/1994,Historical
45,23.375,5.663,61442664,Iran,,,1436222.271,347949.8062,45,12/31/1995,Historical
46,21.951,5.528,62294920,Iran,,,1367435.789,344366.3178,46,12/31/1996,Historical
47,20.528,5.392,63136312,Iran,,,1296062.213,340430.9943,47,12/31/1997,Historical
48,19.105,5.256,63971836,Iran,,,1222181.927,336235.97,48,12/31/1998,Historical
49,18.763,5.209,64800880,Iran,,,1215858.911,337547.7839,49,12/31/1999,Historical
50,18.42,5.162,65623405,Iran,,,1208783.12,338748.0166,50,12/31/2000,Historical
51,18.078,5.115,66449112,Iran,,,1201267.047,339887.2079,51,12/31/2001,Historical
52,17.735,5.068,67284796,Iran,,,1193295.857,340999.3461,52,12/31/2002,Historical
53,17.393,5.021,68122938,Iran,,,1184862.261,342045.2717,53,12/31/2003,Historical
54,17.477,5.028,68951281,Iran,,,1205061.538,346687.0409,54,12/31/2004,Historical
55,17.561,5.036,69762347,Iran,,,1225096.576,351323.1795,55,12/31/2005,Historical
56,17.646,5.043,70554760,Iran,,,1245009.295,355807.6547,56,12/31/2006,Historical
57,17.73,5.051,71336475,Iran,,,1264795.702,360320.5352,57,12/31/2007,Historical
58,17.814,5.058,72120604,Iran,,,1284756.44,364786.015,58,12/31/2008,Historical
59,17.953,4.999,72924837,Iran,,,1309219.599,364551.2602,59,12/31/2009,Historical
60,18.093,4.941,73762519,Iran,,,1334585.256,364460.6064,60,12/31/2010,Historical
61,18.232,4.882,74634957,Iran,,,1360744.536,364367.8601,61,12/31/2011,Historical
62,18.372,4.824,75539878,Iran,,,1387818.639,364404.3715,62,12/31/2012,Historical
63,18.511,4.765,76481961,Iran,,,1415757.58,364436.5442,63,12/31/2013,Historical
64,18.628,4.788,77465770,Iran,,,1443032.364,370906.1068,64,12/31/2014,Historical
65,18.745,4.811,78492215,Iran,,,1471336.57,377626.0464,65,12/31/2015,Historical
66,18.863,4.833,79563989,Iran,,,1500815.525,384532.7588,66,12/31/2016,Historical
67,18.98,4.856,80673883,Iran,,,1531190.299,391752.3758,67,12/31/2017,Historical
68,19.097,4.879,81800188,Iran,,,1562138.19,399103.1173,68,12/31/2018,Historical
69,18.547,4.866,82913906,Iran,,,1537804.215,403459.0666,69,12/31/2019,Historical
,,2.036,,China,,,,,,12/31/2020,Prediction 1
,,8.066,,France,,,,,,12/31/2020,Prediction 1
,,10.784,,Germany,,,,,,12/31/2020,Prediction 1
,,-0.29,,Iran,,,,,,12/31/2020,Prediction 1
,,9.986,,Italy,,,,,,12/31/2020,Prediction 1
,,15.009,,Russia,,,,,,12/31/2020,Prediction 1
,,8.264,,Spain,,,,,,12/31/2020,Prediction 1
,,1.446,,Turkey,,,,,,12/31/2020,Prediction 1
,,9.528,,United Kingdom,,,,,,12/31/2020,Prediction 1
,,8.178,,United States,,,,,,12/31/2020,Prediction 1
,,7.226125,,China,,,,,,12/31/2020,Prediction 2
,,9.167375,,France,,,,,,12/31/2020,Prediction 2
,,11.3385,,Germany,,,,,,12/31/2020,Prediction 2
,,4.768,,Iran,,,,,,12/31/2020,Prediction 2
,,10.54895,,Italy,,,,,,12/31/2020,Prediction 2
,,12.131825,,Russia,,,,,,12/31/2020,Prediction 2
,,8.884875,,Spain,,,,,,12/31/2020,Prediction 2
,,5.246625,,Turkey,,,,,,12/31/2020,Prediction 2
,,9.0581,,United Kingdom,,,,,,12/31/2020,Prediction 2
,,8.549375,,United States,,,,,,12/31/2020,Prediction 2
