, Births per 1000 People, Deaths per 1000 People, Population,Country,Divorces,Marriages,Total Number of Births,Total Number of Deaths,Unnamed: 0,date
0,24.268,9.649,158804395,United States,385000.0,1667000.0,3853865.05786,1532303.6073549998,0,12/31/50
1,24.211,9.619,160872266,United States,381000.0,1595000.0,3894878.432126,1547430.3266540002,1,12/31/51
2,24.155,9.589,163266028,United States,392000.0,1539000.0,3943690.90634,1565557.942492,2,12/31/52
3,24.099,9.559,165910003,United States,390000.0,1546000.0,3998265.162297,1585933.7186770001,3,12/31/53
4,24.043000000000006,9.529,168736387,United States,379000.0,1490000.0,4056928.9526410005,1607889.0317229999,4,12/31/54
5,23.987,9.499,171685336,United States,377000.0,1531000.0,4118216.1546319993,1630839.006664,5,12/31/55
6,23.93,9.469,174705003,United States,382000.0,1585000.0,4180690.7217900003,1654281.6734069998,6,12/31/56
7,23.874,9.439,177751483,United States,381000.0,1518000.0,4243638.905142,1677796.2480370002,7,12/31/57
8,23.818,9.409,180788392,United States,368000.0,1451000.0,4306017.920655999,1701037.9803280002,8,12/31/58
9,23.257,9.416,183786252,United States,395000.0,1494000.0,4274316.862763999,1730531.348832,9,12/31/59
10,22.696,9.423,186720571,United States,393000.0,1523000.0,4237810.079415998,1759467.9405330003,10,12/31/60
11,22.134,9.429,189569843,United States,414000.0,1548000.0,4195938.904962,1787454.0496470004,11,12/31/61
12,21.573,9.436,192313746,United States,413000.0,1577000.0,4148784.442458,1814672.507256,12,12/31/62
13,21.012,9.443,194932403,United States,428000.0,1654000.0,4095919.651836,1840746.6815290002,13,12/31/63
14,20.336,9.473,197408505,United States,450000.0,1725000.0,4014499.3576800004,1870050.767865,14,12/31/64
15,19.66,9.503,199733676,United States,479000.0,1800000.0,3926764.07016,1898069.123028,15,12/31/65
16,18.984,9.534,201895760,United States,499000.0,1857000.0,3832789.10784,1924874.17584,16,12/31/66
17,18.308,9.564,203905080,United States,523000.0,1927000.0,3733094.20464,1950148.18512,17,12/31/67
18,17.632,9.594,205805754,United States,584000.0,2069000.0,3628767.054528,1974500.403876,18,12/31/68
19,17.232,9.555,207659263,United States,639000.0,2145000.0,3578384.420016,1984184.257965,19,12/31/69
20,16.832,9.516,209513341,United States,708000.0,2185802.0,3526528.5557120005,1993728.952956,20,12/31/70
21,16.430999999999994,9.476,211384068,United States,773000.0,2190481.0,3473251.6213080003,2003075.4283680003,21,12/31/71
22,16.031,9.437,213269802,United States,845000.0,2282154.0,3418928.1958619994,2012627.121474,22,12/31/72
23,15.630999999999998,9.398,215178797,United States,915000.0,2284108.0,3363459.775907,2022250.334206,23,12/31/73
24,15.456,9.288,217114909,United States,983931.0,2245929.0,3355728.033504,2016563.2747919997,24,12/31/74
25,15.281,9.178,219081251,United States,1036709.0,2159810.0,3347780.5965309995,2010727.721678,25,12/31/75
26,15.106,9.069,221086429,United States,1090430.0,2159051.0,3339731.5964740003,2005032.824601,26,12/31/76
27,14.931,8.959,223135663,United States,1101445.0,2180861.0,3331638.584253,1999072.404817,27,12/31/77
28,14.755999999999998,8.849,225223303,United States,1135408.0,2293079.0,3323395.059068,1993001.0082470002,28,12/31/78
29,14.871,8.845,227339318,United States,1193062.0,2341102.0,3380762.9979779995,2010816.2677099998,29,12/31/79
30,14.986,8.841000000000003,229476354,United States,1184175.0,2413896.0,3438932.641044,2028800.445714,30,12/31/80
31,15.102,8.837,231636058,United States,1219042.0,2438085.0,3498167.7479160004,2046967.844546,31,12/31/81
32,15.217,8.833,233821844,United States,1170000.0,2495000.0,3558067.000148,2065348.348052,32,12/31/82
33,15.332,8.829,236030238,United States,1179000.0,2444000.0,3618815.609016,2083910.971302,33,12/31/83
34,15.396,8.854,238256844,United States,1181970.0,2482137.0,3668202.370224,2109526.096776,34,12/31/84
35,15.461,8.878,240499825,United States,1192530.0,2408911.0,3718367.794325,2135157.4463500003,35,12/31/85
36,15.525,8.902999999999997,242763148,United States,1179347.0,2406830.0,3768897.8727,2161320.306644,36,12/31/86
37,15.59,8.927,245052789,United States,1165646.0,2404146.0,3820372.98051,2187586.247403,37,12/31/87
38,15.654000000000002,8.952,247372264,United States,1151787.0,2377092.0,3872365.4206560007,2214476.507328,38,12/31/88
39,15.613,8.925,249725805,United States,1162719.0,2399654.0,3898968.9934650003,2228802.809625,39,12/31/89
40,15.573,8.898,252120309,United States,1175851.0,2451774.0,3926269.572057,2243366.509482,40,12/31/90
41,15.532,8.871,254539370,United States,1191591.0,2383182.0,3953505.49484,2258018.75127,41,12/31/91
42,15.492,8.844,256990613,United States,1233226.0,2389375.0,3981298.5765959998,2272824.981372,42,12/31/92
43,15.451,8.817,259532129,United States,1197297.0,2342538.0,4010030.925179,2288294.781393,43,12/31/93
44,15.217,8.785,262241196,United States,1211893.0,2397441.0,3990524.279532,2303788.90686,44,12/31/94
45,14.983,8.754,265163745,United States,,,3972948.391335,2321243.42373,45,12/31/95
46,14.75,8.722000000000001,268335003,United States,,,3957941.29425,2340417.8961660005,46,12/31/96
47,14.515999999999998,8.691,271713635,United States,1163000.0,2384000.0,3944195.12566,2361463.2017850005,47,12/31/97
48,14.282,8.658999999999999,275175301,United States,1135000.0,2244000.0,3930053.648882,2382742.931359,48,12/31/98
49,14.232,8.631,278548150,United States,1145245.0,2358000.0,3964297.2708,2404149.08265,49,12/31/99
50,14.182,8.603,281710909,United States,944000.0,2315000.0,3995224.1114379996,2423558.950127,50,12/31/00
51,14.133,8.576,284607993,United States,940000.0,2326000.0,4022364.7650690004,2440798.147968,51,12/31/01
52,14.083,8.548,287279318,United States,955000.0,2290000.0,4045754.6353940004,2455663.610264,52,12/31/02
53,14.033,8.52,289815562,United States,927000.0,2245000.0,4066981.781546,2469228.58824,53,12/31/03
54,13.989,8.441,292354658,United States,879000.0,2279000.0,4089749.310762,2467765.6681780005,54,12/31/04
55,13.945,8.362,294993511,United States,847000.0,2249000.0,4113684.510895,2466735.738982,55,12/31/05
56,13.9,8.282,297758969,United States,872000.0,2193000.0,4138849.6691,2466039.781258,56,12/31/06
57,13.856,8.203,300608429,United States,856000.0,2197000.0,4165230.392224,2465890.943087,57,12/31/07
58,13.812,8.124,303486012,United States,844000.0,2157000.0,4191748.797744,2465520.3614880005,58,12/31/08
59,13.558,8.131,306307567,United States,840000.0,2080000.0,4152917.993386,2490586.827277,59,12/31/09
60,13.305,8.138,309011475,United States,872000.0,2096000.0,4111397.674875,2514735.3835500004,60,12/31/10
61,13.050999999999998,8.145,311584047,United States,877000.0,2118000.0,4066483.397397,2537852.0628150003,61,12/31/11
62,12.798,8.152000000000001,314043885,United States,851000.0,2131000.0,4019133.6402300005,2560085.75052,62,12/31/12
63,12.544,8.158999999999999,316400538,United States,832157.0,2081301.0,3968928.348672,2581511.989542,63,12/31/13
64,12.429,8.264,318673411,United States,813862.0,2140272.0,3960791.825319,2633517.068504,64,12/31/14
65,12.314,8.369,320878310,United States,800909.0,2221579.0,3951295.50934,2685430.57639,65,12/31/15
66,12.198,8.475,323015995,United States,776288.0,2251411.0,3940149.10701,2737560.557625,66,12/31/16
67,12.083,8.58,325084756,United States,787251.0,2236496.0,3927999.106748,2789227.2064799997,67,12/31/17
68,11.968,8.685,327096265,United States,782038.0,2132853.0,3914688.0995199997,2840831.0615250007,68,12/31/18
69,11.979,8.782,329064917,United States,780035.0,2056675.0,3941868.640743,2889848.101094,69,12/31/19
0,50.736,25.497,21408399,Turkey,,,1086176.531664,545849.949303,0,12/31/50
1,50.27,25.034,21951215,Turkey,,,1103487.57805,549526.71631,1,12/31/51
2,49.803,24.57,22508953,Turkey,,,1121013.386259,553044.9752100001,2,12/31/52
3,49.33600000000001,24.106,23081587,Turkey,,,1138753.1762319999,556404.736222,3,12/31/53
4,48.869,23.642,23668922,Turkey,,,1156676.5492180001,559580.653924,4,12/31/54
5,48.402,23.178,24270600,Turkey,,,1174745.5812,562543.9668,5,12/31/55
6,47.93600000000001,22.715,24886128,Turkey,,,1192941.4318080002,565288.39752,6,12/31/56
7,47.469,22.251,25514824,Turkey,,,1211163.180456,567730.3488239999,7,12/31/57
8,47.002,21.787,26155927,Turkey,,,1229380.880854,569859.181549,8,12/31/58
9,46.341,21.172,26808633,Turkey,,,1242338.861853,567592.3778759999,9,12/31/59
10,45.681,20.558000000000003,27472345,Turkey,,,1254964.191945,564776.4685100003,10,12/31/60
11,45.02,19.943,28146910,Turkey,,,1267173.8882000002,561333.8261300001,11,12/31/61
12,44.36,19.329,28832827,Turkey,,,1279024.20572,557309.713083,12,12/31/62
13,43.699,18.714,29531365,Turkey,,,1290491.119135,552649.96461,13,12/31/63
14,43.119,18.171,30244261,Turkey,,,1304102.290059,549568.4666309999,14,12/31/64
15,42.54,17.627,30972994,Turkey,,,1317591.16476,545960.9652379999,15,12/31/65
16,41.96,17.084,31717507,Turkey,,,1330866.59372,541861.8895879999,16,12/31/66
17,41.381,16.54,32477992,Turkey,,,1343971.786952,537185.9876799999,17,12/31/67
18,40.801,15.997,33256464,Turkey,,,1356896.987664,532003.654608,18,12/31/68
19,40.469,15.619000000000002,34055390,Turkey,,,1378187.57791,531911.13641,19,12/31/69
20,40.137,15.241,34876303,Turkey,,,1399830.1735110001,531549.734023,20,12/31/70
21,39.806,14.863,35720599,Turkey,,,1421894.1637940002,530915.262937,21,12/31/71
22,39.474,14.485,36587261,Turkey,,,1444245.540714,529966.475585,22,12/31/72
23,39.142,14.107,37472336,Turkey,,,1466742.175712,528622.243952,23,12/31/73
24,38.506,13.713,38370283,Turkey,,,1477486.117198,526171.6907789999,24,12/31/74
25,37.87,13.319,39277258,Turkey,,,1487429.7604599998,523133.799302,25,12/31/75
26,37.235,12.925999999999998,40189567,Turkey,,,1496458.5272449998,519490.343042,26,12/31/76
27,36.599,12.532,41108297,Turkey,,,1504522.561903,515169.178004,27,12/31/77
28,35.963,12.138,42039992,Turkey,,,1511884.232296,510281.42289600003,28,12/31/78
29,35.33,11.778,42994041,Turkey,,,1518979.46853,506383.8148979999,29,12/31/79
30,34.697,11.418,43975971,Turkey,,,1525834.2657869996,502117.636878,30,12/31/80
31,34.065,11.059,44988414,Turkey,,,1532530.32291,497526.870426,31,12/31/81
32,33.431999999999995,10.699000000000002,46025411,Turkey,,,1538721.5405519996,492425.8722890001,32,12/31/82
33,32.799,10.339,47073472,Turkey,,,1543962.808128,486692.627008,33,12/31/83
34,31.795,10.032,48114155,Turkey,,,1529789.558225,482681.20296,34,12/31/84
35,30.791,9.726,49133937,Turkey,,,1512883.054167,477876.6712620001,35,12/31/85
36,29.786,9.419,50128541,Turkey,,,1493128.722226,472160.727679,36,12/31/86
37,28.782,9.113,51100924,Turkey,,,1470786.7945680001,465682.72041199997,37,12/31/87
38,27.778,8.806000000000003,52053765,Turkey,,,1445949.48417,458385.45459,38,12/31/88
39,27.114,8.602,52992487,Turkey,,,1436838.292518,455841.37317399995,39,12/31/89
40,26.449,8.398,53921760,Turkey,,,1426176.6302399999,452834.94047999993,40,12/31/90
41,25.785,8.193999999999999,54840590,Turkey,,,1414064.61315,449363.79446,41,12/31/91
42,25.12,7.99,55748948,Turkey,,,1400413.57376,445434.09452,42,12/31/92
43,24.456,7.786,56653804,Turkey,,,1385525.430624,441106.51794399996,43,12/31/93
44,24.129,7.603,57564204,Turkey,,,1388966.678316,437660.643012,44,12/31/94
45,23.802,7.42,58486456,Turkey,,,1392094.6257119998,433969.50352,45,12/31/95
46,23.474,7.237,59423282,Turkey,,,1394902.121668,430046.29183400003,46,12/31/96
47,23.147,7.0539999999999985,60372568,Turkey,,,1397443.8314959998,425868.094672,47,12/31/97
48,22.82,6.871,61329676,Turkey,,,1399543.20632,421396.203796,48,12/31/98
49,22.358,6.729,62287397,Turkey,,,1392621.622126,419131.89441300003,49,12/31/99
50,21.895,6.587999999999999,63240194,Turkey,,,1384644.04763,416626.398072,50,12/31/00
51,21.433000000000003,6.4460000000000015,64192243,Turkey,,,1375832.344219,413783.198378,51,12/31/01
52,20.97,6.305,65145367,Turkey,,,1366098.34599,410741.538935,52,12/31/02
53,20.508000000000006,6.1629999999999985,66089402,Turkey,,,1355361.456216,407308.98452600004,53,12/31/03
54,20.141,6.113,67010930,Turkey,,,1349667.14113,409637.81509,54,12/31/04
55,19.774,6.063,67903469,Turkey,,,1342723.196006,411698.732547,55,12/31/05
56,19.407,6.013,68756810,Turkey,,,1334363.41167,413434.69853,56,12/31/06
57,19.04,5.962999999999999,69581848,Turkey,,,1324838.3859199998,414916.5596239999,57,12/31/07
58,18.673,5.9129999999999985,70418604,Turkey,,,1314926.592492,416385.205452,58,12/31/08
59,18.394,5.832000000000002,71321399,Turkey,,,1311885.813206,415946.3989680001,59,12/31/09
60,18.115,5.751,72326988,Turkey,,,1310203.3876200002,415952.50798800006,60,12/31/10
61,17.836,5.669,73443250,Turkey,,,1309933.807,416349.78425,61,12/31/11
62,17.557000000000002,5.587999999999999,74651050,Turkey,,,1310648.48485,417150.0674,62,12/31/12
63,17.278,5.5070000000000014,75925462,Turkey,,,1311840.1324359998,418121.519234,63,12/31/13
64,17.058,5.485,77229256,Turkey,,,1317376.648848,423602.46916,64,12/31/14
65,16.838,5.462999999999999,78529409,Turkey,,,1322278.188742,429006.1613669999,65,12/31/15
66,16.619,5.442,79827871,Turkey,,,1326659.388149,434423.27398199996,66,12/31/16
67,16.399,5.42,81116450,Turkey,,,1330228.6635500002,439651.159,67,12/31/17
68,16.179000000000002,5.398,82340088,Turkey,,,1332180.2837520002,444471.795024,68,12/31/18
69,15.922,5.444,83429615,Turkey,,,1328366.3300299998,454190.82406,69,12/31/19
0,46.133,23.366,554419273,China,,,25577024.321309,12954560.732918,0,12/31/50
1,44.92100000000001,23.106,569909117,China,,,25600887.444757003,13168320.057401998,1,12/31/51
2,43.71,22.845,582576491,China,,,25464418.42161,13308959.936894998,2,12/31/52
3,42.49800000000001,22.585,593365877,China,,,25216863.040746003,13401168.332045,3,12/31/53
4,41.286,22.325,603052324,China,,,24897618.248664007,13463143.1333,4,12/31/54
5,40.075,22.064,612241554,China,,,24535580.27655,13508497.647456,5,12/31/55
6,38.863,21.804,621363234,China,,,24148039.362942006,13548203.954136,6,12/31/56
7,37.652,21.543000000000006,630677645,China,,,23746274.68954,13586688.506235002,7,12/31/57
8,36.44,21.283,640295772,China,,,23332377.931679998,13627414.915476002,8,12/31/58
9,37.034,21.157,650212734,China,,,24079978.390956,13756550.813237995,9,12/31/59
10,37.629,21.031,660408056,China,,,24850494.739224,13889041.825736,10,12/31/60
11,38.223,20.905,670952695,China,,,25645824.860985,14026266.088975,11,12/31/61
12,38.81800000000001,20.779,682102655,China,,,26477860.861790005,14173411.068245,12,12/31/62
13,39.412,20.653,694339083,China,,,27365291.939196,14340185.081199003,13,12/31/63
14,39.427,19.082,708254597,China,,,27924353.995919,13514914.219953999,14,12/31/64
15,39.442,17.511,724218968,China,,,28564644.535856,12681798.348648,15,12/31/65
16,39.458,15.941,742414885,China,,,29294206.53233,11834835.681785,16,12/31/66
17,39.473,14.37,762581176,China,,,30101366.760247998,10958291.49912,17,12/31/67
18,39.488,12.799,784074709,China,,,30961542.108992,10035372.200491002,18,12/31/68
19,37.976,12.075,805985939,China,,,30608122.019464,9732280.213425,19,12/31/69
20,36.463,11.351,827601394,China,,,30176829.629421998,9394103.423293997,20,12/31/70
21,34.951,10.626,848759710,China,,,29665000.624209996,9018920.678459998,21,12/31/71
22,33.438,9.902,869485964,China,,,29073871.664232,8609650.015527999,22,12/31/72
23,31.926,9.178,889485372,China,,,28397709.986471996,8163696.744216001,23,12/31/73
24,30.039,8.772,908464198,China,,,27289356.043722,7969047.944856,24,12/31/74
25,28.152,8.366,926240885,China,,,26075533.39452,7748931.243910001,25,12/31/75
26,26.265,7.959,942685411,China,,,24759632.319915,7502833.186148998,26,12/31/76
27,24.378,7.553,957891272,China,,,23351473.428816,7234952.777416,27,12/31/77
28,22.491,7.147,972205442,China,,,21865872.596022,6948352.293974001,28,12/31/78
29,22.231,7.039,986132202,China,,,21922704.982662,6941384.569877999,29,12/31/79
30,21.972,6.93,1000089235,China,,,21973960.67142,6930618.39855,30,12/31/80
31,21.712,6.822,1014022212,China,,,22016450.266944,6917659.530264,31,12/31/81
32,21.453000000000007,6.712999999999999,1027948987,China,,,22052589.618111003,6900621.549730998,32,12/31/82
33,21.193,6.605,1042431412,China,,,22092248.914516,6885259.476260001,33,12/31/83
34,21.908,6.625,1058171976,China,,,23182431.650208,7010389.341,34,12/31/84
35,22.623,6.645,1075589361,China,,,24333058.113903,7147291.303845,35,12/31/85
36,23.339,6.664,1095014109,China,,,25556534.289951004,7297174.022375999,36,12/31/86
37,24.054,6.684,1116095476,China,,,26846560.579704,7459982.161584001,37,12/31/87
38,24.769,6.704,1137724227,China,,,28180291.378563,7627303.217808,38,12/31/88
39,23.299,6.702000000000001,1158357397,China,,,26988568.992703,7763311.274694001,39,12/31/89
40,21.829,6.7,1176883674,China,,,25690193.719745997,7885120.6158,40,12/31/90
41,20.359,6.699,1192897284,China,,,24286195.804956,7991218.905515999,41,12/31/91
42,18.889,6.697,1206711244,China,,,22793568.687916,8081345.201067999,42,12/31/92
43,17.419,6.695,1218817055,China,,,21230574.281045,8159980.183225,43,12/31/93
44,16.85,6.69,1230020031,China,,,20725837.52235,8228834.007389999,44,12/31/94
45,16.28,6.685,1240920535,China,,,20202186.309800006,8295553.776474998,45,12/31/95
46,15.711,6.68,1251636186,China,,,19664456.118246,8360929.72248,46,12/31/96
47,15.140999999999998,6.675,1261996012,China,,,19107881.617692,8423823.380099999,47,12/31/97
48,14.572,6.67,1271982350,China,,,18535326.8042,8484122.2745,48,12/31/98
49,14.274,6.665,1281514832,China,,,18292342.711968,8541296.355279999,49,12/31/99
50,13.976,6.66,1290550765,China,,,18036737.49164,8595068.094899999,50,12/31/00
51,13.679,6.655,1299129752,China,,,17770795.877607998,8645708.49956,51,12/31/01
52,13.380999999999998,6.65,1307352257,China,,,17493680.550917,8693892.50905,52,12/31/02
53,13.083,6.645,1315303521,China,,,17208115.965243,8740191.897045,53,12/31/03
54,13.028,6.686,1323084641,China,,,17237146.702947997,8846143.909726,54,12/31/04
55,12.973,6.727,1330776380,China,,,17264161.977739993,8952132.70826,55,12/31/05
56,12.917,6.767,1338408647,China,,,17288224.493299,9057011.314249,56,12/31/06
57,12.862,6.808,1345993888,China,,,17312173.387456,9163526.389503999,57,12/31/07
58,12.807,6.849,1353569484,China,,,17335164.381588,9270597.395916,58,12/31/08
59,12.787,6.88,1361169419,China,,,17405273.360753004,9364845.60272,59,12/31/09
60,12.767,6.9110000000000005,1368810615,China,,,17475605.121705007,9459850.160264999,60,12/31/10
61,12.748,6.941,1376497639,China,,,17547591.901972,9554270.112299,61,12/31/11
62,12.728,6.972,1384206401,China,,,17618179.071928002,9650687.027772002,62,12/31/12
63,12.708,7.002999999999999,1391883330,China,,,17688053.35764,9747358.959989998,63,12/31/13
64,12.552,7.027,1399453965,China,,,17565946.168679997,9833963.012055,64,12/31/14
65,12.397,7.05,1406847870,China,,,17440693.04439,9918277.4835,65,12/31/15
66,12.241,7.074,1414049351,China,,,17309378.105591,10002985.108974,66,12/31/16
67,12.086,7.097,1421021791,China,,,17174469.366025995,10084991.650727002,67,12/31/17
68,11.93,7.121,1427647786,China,,,17031838.08698,10166279.884105999,68,12/31/18
69,11.673,7.261,1433783686,China,,,16736556.966678,10410703.344046,69,12/31/19
0,18.607,10.003,46598601,Italy,,,867060.1688069998,466125.80580300005,0,12/31/50
1,18.477,9.969,47009982,Italy,,,868603.4374139999,468642.510558,1,12/31/51
2,18.346,9.935,47390568,Italy,,,869427.360528,470825.29308,2,12/31/52
3,18.215,9.901,47737391,Italy,,,869536.577065,472647.908291,3,12/31/53
4,18.084,9.867,48051033,Italy,,,868954.880772,474119.54261100007,4,12/31/54
5,17.953,9.833,48335578,Italy,,,867768.631834,475283.73847399995,5,12/31/55
6,17.823,9.799,48598908,Italy,,,866178.337284,476220.699492,6,12/31/56
7,17.692,9.765,48852439,Italy,,,864297.3507879999,477044.06683500006,7,12/31/57
8,17.561,9.731,49110364,Italy,,,862427.1022040001,477892.952084,8,12/31/58
9,17.766,9.76,49388391,Italy,,,877434.1545059999,482030.69616000005,9,12/31/59
10,17.972,9.789,49699951,Italy,,,893207.5193720001,486512.820339,10,12/31/60
11,18.177,9.819,50052172,Italy,,,909798.3304440001,491462.27686800004,11,12/31/61
12,18.383,9.848,50442339,Italy,,,927281.5178370001,496756.154472,12,12/31/62
13,18.588,9.877,50856405,Italy,,,945318.8561399999,502308.71218500007,13,12/31/63
14,18.438,9.892,51273231,Italy,,,945375.8331780001,507194.801052,14,12/31/64
15,18.287,9.907,51677257,Italy,,,945021.998759,511966.585099,15,12/31/65
16,18.137,9.922,52062754,Italy,,,944262.169298,516566.645188,16,12/31/66
17,17.986,9.937,52433489,Italy,,,943068.7331540001,521031.5801930001,17,12/31/67
18,17.836,9.952,52794523,Italy,,,941643.1122280001,525411.092896,18,12/31/68
19,17.51,9.933,53154573,Italy,,,930736.57323,527984.373609,19,12/31/69
20,17.184,9.913,53518969,Italy,,,919669.9632959999,530533.5396970001,20,12/31/70
21,16.857,9.894,53888874,Italy,,,908404.749018,533176.519356,21,12/31/71
22,16.531,9.874,54258741,Italy,,,896951.247471,535750.808634,22,12/31/72
23,16.205,9.855,54619237,Italy,,,885104.7355849999,538272.580635,23,12/31/73
24,15.597,9.858,54957794,Italy,,,857176.7130180001,541773.933252,24,12/31/74
25,14.989,9.862,55265284,Italy,,,828371.341876,545026.230808,25,12/31/75
26,14.382,9.865,55537956,Italy,,,798746.883192,547881.9359400001,26,12/31/76
27,13.774,9.869,55777880,Italy,,,768284.51912,550471.89772,27,12/31/77
28,13.166,9.872,55988981,Italy,,,737150.923846,552723.220432,28,12/31/78
29,12.718,9.855,56177851,Italy,,,714469.909018,553632.721605,29,12/31/79
30,12.269,9.837,56349349,Italy,,,691350.1628810001,554308.546113,30,12/31/80
31,11.821,9.82,56505478,Italy,,,667951.255438,554883.79396,31,12/31/81
32,11.372,9.802,56644863,Italy,,,644165.3820359999,555232.9471260001,32,12/31/82
33,10.924,9.785,56765251,Italy,,,620103.6019240001,555447.9810350001,33,12/31/83
34,10.741,9.745,56863137,Italy,,,610766.954517,554131.2700649999,34,12/31/84
35,10.559,9.705,56936774,Italy,,,601195.396666,552571.3916699999,35,12/31/85
36,10.376,9.665,56983931,Italy,,,591265.268056,550749.6931149999,36,12/31/86
37,10.194,9.625,57007741,Italy,,,581136.911754,548699.507125,37,12/31/87
38,10.011,9.585,57018183,Italy,,,570809.030013,546519.284055,38,12/31/88
39,9.939,9.617,57028703,Italy,,,566808.2791169999,548445.0367510001,39,12/31/89
40,9.867,9.649,57048236,Italy,,,562894.944612,550458.4291640001,40,12/31/90
41,9.794,9.68,57088113,Italy,,,559120.978722,552612.9338400001,41,12/31/91
42,9.722,9.712,57145306,Italy,,,555566.664932,554995.211872,42,12/31/92
43,9.65,9.744,57197613,Italy,,,551956.96545,557333.541072,43,12/31/93
44,9.573,9.777,57213544,Italy,,,547705.256712,559376.8196880001,44,12/31/94
45,9.496,9.811,57174408,Italy,,,542928.1783680001,560938.116888,45,12/31/95
46,9.418,9.844,57065225,Italy,,,537440.2890499999,561750.0749,46,12/31/96
47,9.341,9.878,56903640,Italy,,,531536.9012399999,562094.1559199999,47,12/31/97
48,9.264,9.911,56742760,Italy,,,525664.9286399999,562377.49436,48,12/31/98
49,9.317,9.887,56655632,Italy,,,527860.523344,560154.233584,49,12/31/99
50,9.37,9.863,56692178,Italy,,,531205.7078600001,559154.951614,50,12/31/00
51,9.423,9.839,56875147,Italy,,,535934.510181,559594.5713330001,51,12/31/01
52,9.476,9.815,57182519,Italy,,,541861.5500439999,561246.423985,52,12/31/02
53,9.529,9.791,57564588,Italy,,,548532.9590520001,563614.8811080001,53,12/31/03
54,9.566,9.781,57948424,Italy,,,554334.6239840001,566793.5351440001,54,12/31/04
55,9.603,9.77,58281212,Italy,,,559674.478836,569407.44124,55,12/31/05
56,9.641,9.76,58542619,Italy,,,564409.3897790001,571375.96144,56,12/31/06
57,9.678,9.749,58747861,Italy,,,568561.7987579999,572732.8968890001,57,12/31/07
58,9.715,9.739,58922109,Italy,,,572428.2889350001,573842.419551,58,12/31/08
59,9.54,9.815,59105625,Italy,,,563867.6625,580121.709375,59,12/31/09
60,9.365,9.892,59325229,Italy,,,555580.769585,586845.1652680001,60,12/31/10
61,9.189,9.968,59589076,Italy,,,547564.0193640001,593983.909568,61,12/31/11
62,9.014,10.045,59879471,Italy,,,539753.551594,601489.2861949999,62,12/31/12
63,8.839,10.121,60166830,Italy,,,531814.61037,608948.48643,63,12/31/13
64,8.597000000000001,10.192,60409620,Italy,,,519341.5031400001,615694.8470399999,64,12/31/14
65,8.354,10.262,60578494,Italy,,,506072.73887599993,621656.505428,65,12/31/15
66,8.112,10.333,60663060,Italy,,,492098.74272,626831.39898,66,12/31/16
67,7.869,10.403,60673701,Italy,,,477441.353169,631188.5115029999,67,12/31/17
68,7.627000000000002,10.474,60627291,Italy,,,462404.348457,635010.245934,68,12/31/18
69,7.508999999999999,10.566,60550075,Italy,,,454670.513175,639772.0924499999,69,12/31/19
0,19.932,10.611,28069735,Spain,,,559485.95802,297847.958085,0,12/31/50
1,20.135,10.457,28219620,Spain,,,568202.0487,295092.56634,1,12/31/51
2,20.337,10.303,28399030,Spain,,,577551.07311,292595.20609,2,12/31/52
3,20.539,10.149,28600358,Spain,,,587422.752962,290265.03334199986,3,12/31/53
4,20.741,9.995,28818010,Spain,,,597714.3454100001,288036.00995,4,12/31/54
5,20.943,9.841,29048395,Spain,,,608360.536485,285865.25519500003,5,12/31/55
6,21.146,9.687,29290079,Spain,,,619368.010534,283732.99527300004,6,12/31/56
7,21.348000000000006,9.533,29543624,Spain,,,630697.285152,281639.367592,7,12/31/57
8,21.55,9.379,29811316,Spain,,,642433.8598000001,279600.332764,8,12/31/58
9,21.47,9.255,30096581,Spain,,,646173.5940699999,278543.85715500003,9,12/31/59
10,21.391,9.132,30402411,Spain,,,650337.973701,277634.817252,10,12/31/60
11,21.311,9.008,30729652,Spain,,,654879.6137720001,276812.705216,11,12/31/61
12,21.232,8.885,31075477,Spain,,,659794.527664,276105.61314499995,12,12/31/62
13,21.152,8.761000000000001,31432771,Spain,,,664865.9721919999,275382.50673100003,13,12/31/63
14,20.923,8.728,31791941,Spain,,,665182.7815430001,277480.061048,14,12/31/64
15,20.693,8.695,32146263,Spain,,,665202.6202590001,279511.75678500003,15,12/31/65
16,20.464,8.662,32491644,Spain,,,664909.002816,281442.62032800005,16,12/31/66
17,20.234,8.629,32830187,Spain,,,664286.003758,283291.683623,17,12/31/67
18,20.005,8.596,33168775,Spain,,,663541.343875,285118.7899,18,12/31/68
19,19.888,8.584,33517683,Spain,,,666599.679504,287715.790872,19,12/31/69
20,19.772,8.572000000000001,33883749,Spain,,,669949.4852280001,290451.49642800004,20,12/31/70
21,19.655,8.561,34267466,Spain,,,673527.04423,293363.776426,21,12/31/71
22,19.539,8.549,34664234,Spain,,,677304.468126,296344.536466,22,12/31/72
23,19.422,8.537,35069431,Spain,,,681118.488882,299387.73244700005,23,12/31/73
24,19.045,8.443,35476423,Spain,,,675648.476035,299527.439389,24,12/31/74
25,18.668,8.349,35879209,Spain,,,669793.073612,299555.515941,25,12/31/75
26,18.292,8.255,36276752,Spain,,,663574.3475840001,299464.58775999997,26,12/31/76
27,17.915,8.161,36666767,Spain,,,656885.130805,299237.485487,27,12/31/77
28,17.538,8.067,37040396,Spain,,,649614.465048,298804.87453200005,28,12/31/78
29,16.715999999999998,8.01,37386810,Spain,,,624957.9159599999,299468.34809999994,29,12/31/79
30,15.894,7.952000000000001,37698196,Spain,,,599175.1272239999,299776.05459200003,30,12/31/80
31,15.071,7.895,37971972,Spain,,,572275.590012,299788.71894,31,12/31/81
32,14.249,7.8370000000000015,38209693,Spain,,,544449.9155570001,299449.36404099996,32,12/31/82
33,13.427,7.78,38413317,Spain,,,515775.607359,298855.60626,33,12/31/83
34,12.925,7.857,38586708,Spain,,,498733.20090000005,303175.764756,34,12/31/84
35,12.423,7.934,38733876,Spain,,,481190.941548,307314.572184,35,12/31/85
36,11.92,8.01,38855626,Spain,,,463159.06192,311233.56426,36,12/31/86
37,11.418,8.087,38954497,Spain,,,444782.44674600003,315025.01723899995,37,12/31/87
38,10.916,8.164,39038692,Spain,,,426146.3618719999,318711.881488,38,12/31/88
39,10.718,8.247,39118561,Spain,,,419272.736798,322610.77256699995,39,12/31/89
40,10.519,8.33,39202525,Spain,,,412371.36047500005,326557.03325,40,12/31/90
41,10.321,8.413,39299081,Spain,,,405605.815001,330623.168453,41,12/31/91
42,10.122,8.496,39410857,Spain,,,398916.6945540001,334834.64107199997,42,12/31/92
43,9.924,8.579,39533725,Spain,,,392332.6869,339159.826775,43,12/31/93
44,9.817,8.635,39660069,Spain,,,389342.897373,342464.695815,44,12/31/94
45,9.71,8.692,39787419,Spain,,,386335.83849,345832.245948,45,12/31/95
46,9.602,8.748,39908959,Spain,,,383205.824318,349123.57333199994,46,12/31/96
47,9.495,8.805,40035293,Spain,,,380135.107035,352510.754865,47,12/31/97
48,9.388,8.861,40201560,Spain,,,377412.24528000003,356226.0231600001,48,12/31/98
49,9.54,8.849,40454470,Spain,,,385935.6438,357981.6050300001,49,12/31/99
50,9.692,8.837,40824754,Spain,,,395673.515768,360768.351098,50,12/31/00
51,9.845,8.824,41319427,Spain,,,406789.758815,364602.623848,51,12/31/01
52,9.997,8.812000000000003,41919585,Spain,,,419070.09124499996,369395.38302000007,52,12/31/02
53,10.149,8.8,42596453,Spain,,,432311.401497,374848.7864,53,12/31/03
54,10.375,8.735,43308345,Spain,,,449324.079375,378298.393575,54,12/31/04
55,10.601,8.669,44019123,Spain,,,466646.72292299994,381601.777287,55,12/31/05
56,10.827,8.604,44728565,Spain,,,484276.17325500003,384844.57326,56,12/31/06
57,11.053,8.538,45429076,Spain,,,502127.5770279999,387873.450888,57,12/31/07
58,11.279000000000002,8.472999999999999,46068811,Spain,,,519610.1192690001,390341.0356029999,58,12/31/08
59,10.943,8.475,46583565,Spain,,,509763.951795,394795.713375,59,12/31/09
60,10.607,8.476,46931015,Spain,,,497797.27610500006,397787.2831400001,60,12/31/10
61,10.27,8.478,47084240,Spain,,,483555.1448,399180.18672,61,12/31/11
62,9.934,8.479,47063060,Spain,,,467524.43804,399047.6857399999,62,12/31/12
63,9.598,8.481,46930555,Spain,,,450439.4668899999,398018.036955,63,12/31/13
64,9.382,8.588,46777925,Spain,,,438870.49235,401728.8199,64,12/31/14
65,9.165,8.695,46671926,Spain,,,427748.20179,405812.39657,65,12/31/15
66,8.949,8.802999999999997,46634140,Spain,,,417328.91886,410520.33442,66,12/31/16
67,8.732000000000001,8.91,46647428,Spain,,,407325.34129600006,415628.58348,67,12/31/17
68,8.516,9.017,46692858,Spain,,,397636.37872800004,421029.5005860001,68,12/31/18
69,8.391,9.115,46736776,Spain,,,392168.287416,426005.71324,69,12/31/19
0,19.636,13.259,41833882,France,,,821450.1069520002,554675.4414380001,0,12/31/50
1,19.461,13.077,42031191,France,,,817969.0080509998,549641.884707,1,12/31/51
2,19.285,12.895,42315600,France,,,816056.3459999999,545659.662,2,12/31/52
3,19.109,12.713,42654662,France,,,815087.9361580001,542268.7180059999,3,12/31/53
4,18.933,12.531,43024816,France,,,814588.841328,539143.969296,4,12/31/54
5,18.757,12.349,43411367,France,,,814267.010819,536086.971083,5,12/31/55
6,18.582,12.167,43808989,France,,,814058.6335979999,533023.969163,6,12/31/56
7,18.406,11.985,44221227,France,,,813935.9041619998,529991.405595,7,12/31/57
8,18.23,11.803,44659046,France,,,814134.40858,527110.719938,8,12/31/58
9,18.241,11.697,45138438,France,,,823370.2475579998,527984.309286,9,12/31/59
10,18.252,11.591,45673146,France,,,833626.260792,529397.4352859999,10,12/31/60
11,18.264,11.484000000000002,46266981,France,,,845020.1409839998,531330.009804,11,12/31/61
12,18.275,11.378,46907042,France,,,857226.1925499998,533708.323876,12,12/31/62
13,18.286,11.272,47560826,France,,,869697.2642359999,536105.630672,13,12/31/63
14,18.066,11.228,48184418,France,,,870499.6955879999,541014.645304,14,12/31/64
15,17.846,11.185,48746652,France,,,869932.751592,545231.30262,15,12/31/65
16,17.625999999999994,11.140999999999998,49232539,France,,,867772.732414,548499.7169989999,16,12/31/66
17,17.406,11.098,49651083,France,,,864226.750698,551027.7191339999,17,12/31/67
18,17.186,11.054,50024582,France,,,859722.4662520001,552971.7294279999,18,12/31/68
19,16.964000000000002,10.99,50387448,France,,,854772.6678720001,553758.05352,19,12/31/69
20,16.742,10.925999999999998,50763920,France,,,849889.5486399998,554646.5899199999,20,12/31/70
21,16.519000000000002,10.861,51162568,France,,,845154.460792,555676.651048,21,12/31/71
22,16.297,10.797,51573265,France,,,840489.4997050002,556836.5422050001,22,12/31/72
23,16.075,10.733,51979527,France,,,835570.896525,557896.2632909999,23,12/31/73
24,15.62,10.655,52356796,France,,,817813.1535199998,557861.6613800001,24,12/31/74
25,15.165,10.577,52688576,France,,,799022.25504,557287.0683520001,25,12/31/75
26,14.709,10.498,52969317,France,,,779125.683753,556071.8898659999,26,12/31/76
27,14.254,10.42,53208554,France,,,758434.7287160001,554433.1326799999,27,12/31/77
28,13.799,10.342,53423112,France,,,737185.522488,552501.824304,28,12/31/78
29,13.87,10.300999999999998,53637069,France,,,743946.14703,552515.447769,29,12/31/79
30,13.94,10.26,53868009,France,,,750920.0454599998,552685.7723399999,30,12/31/80
31,14.011,10.22,54121013,France,,,758289.5131430001,553116.75286,31,12/31/81
32,14.081,10.179,54391471,France,,,765886.3031510002,553650.783309,32,12/31/82
33,14.152,10.138,54675371,France,,,773765.850392,554298.911198,33,12/31/83
34,14.058,10.035,54965164,France,,,772700.275512,551575.42074,34,12/31/84
35,13.964,9.932,55254848,France,,,771578.697472,548791.150336,35,12/31/85
36,13.869000000000002,9.828,55545273,France,,,770357.3912370001,545898.943044,36,12/31/86
37,13.775,9.725,55837627,France,,,769163.311925,543020.922575,37,12/31/87
38,13.681,9.622,56126325,France,,,767864.2523249999,540047.4991499999,38,12/31/88
39,13.502,9.547,56404304,France,,,761570.912608,538491.890288,39,12/31/89
40,13.324000000000002,9.473,56666849,France,,,755029.0960760001,536805.0605769999,40,12/31/90
41,13.145,9.398,56913587,France,,,748129.101115,534873.890626,41,12/31/91
42,12.967,9.324,57147213,France,,,741027.9109710002,532840.6140119999,42,12/31/92
43,12.788,9.249,57370381,France,,,733652.432228,530618.6538689999,43,12/31/93
44,12.769,9.239,57587131,France,,,735330.075739,532047.5033089999,44,12/31/94
45,12.75,9.23,57801892,France,,,736974.123,533511.46316,45,12/31/95
46,12.731,9.22,58012058,France,,,738551.5103979999,534871.1747600001,46,12/31/96
47,12.712,9.211,58220659,France,,,740101.017208,536270.490049,47,12/31/97
48,12.693,9.201,58444246,France,,,741832.8144779998,537745.507446,48,12/31/98
49,12.725,9.146,58704381,France,,,747013.248225,536910.268626,49,12/31/99
50,12.757,9.092,59015096,France,,,752855.5796719998,536565.252832,50,12/31/00
51,12.788,9.037,59384132,France,,,759404.280016,536654.4008840001,51,12/31/01
52,12.82,8.982999999999997,59803441,France,,,766680.11362,537214.3105029999,52,12/31/02
53,12.852,8.927999999999997,60251588,France,,,774353.408976,537926.1776640001,53,12/31/03
54,12.845999999999998,8.86,60697981,France,,,779726.2639259999,537784.1116599999,54,12/31/04
55,12.84,8.792,61120127,France,,,784782.43068,537368.156584,55,12/31/05
56,12.835,8.722999999999999,61508926,France,,,789467.06521,536542.361498,56,12/31/06
57,12.829,8.655,61869227,France,,,793720.3131830002,535478.1596850001,57,12/31/07
58,12.823,8.587,62209207,France,,,797708.6613609999,534190.460509,58,12/31/08
59,12.728,8.617,62542900,France,,,796046.0312,538932.1693000001,59,12/31/09
60,12.633,8.646,62879530,France,,,794357.1024899998,543656.4163800001,60,12/31/10
61,12.537,8.676,63222227,France,,,792617.0598990001,548516.041452,61,12/31/11
62,12.442,8.705,63564221,France,,,790866.0376820002,553326.5438049999,62,12/31/12
63,12.347,8.735,63893525,France,,,788893.353175,558109.940875,63,12/31/13
64,12.125,8.842,64193550,France,,,778346.79375,567599.3691,64,12/31/14
65,11.902,8.949,64453200,France,,,767121.9864,576791.6867999999,65,12/31/15
66,11.68,9.055,64667596,France,,,755317.52128,585565.08178,66,12/31/16
67,11.457,9.162,64842509,France,,,742900.625613,594087.067458,67,12/31/17
68,11.235,9.269,64990511,France,,,730168.3910849999,602397.046459,68,12/31/18
69,11.171,9.317,65129728,France,,,727564.1914879999,606813.675776,69,12/31/19
0,14.39,11.828,50616014,United Kingdom,,,728364.44146,598686.213592,0,12/31/50
1,14.640999999999998,11.800999999999998,50601935,United Kingdom,,,740862.9303349998,597153.4349349999,1,12/31/51
2,14.892,11.775,50651280,United Kingdom,,,754298.8617600001,596418.822,2,12/31/52
3,15.143,11.748,50750976,United Kingdom,,,768522.029568,596222.4660479999,3,12/31/53
4,15.394,11.720999999999998,50890915,United Kingdom,,,783414.74551,596492.414715,4,12/31/54
5,15.645,11.695,51063902,United Kingdom,,,798894.74679,597192.33389,5,12/31/55
6,15.896,11.668,51265880,United Kingdom,,,814922.4284799999,598170.2878399999,6,12/31/56
7,16.147000000000002,11.642,51495702,United Kingdom,,,831501.1001940002,599512.962684,7,12/31/57
8,16.398,11.615,51754673,United Kingdom,,,848673.127854,601130.526895,8,12/31/58
9,16.778,11.656,52045662,United Kingdom,,,873222.1170359999,606644.236272,9,12/31/59
10,17.159000000000002,11.697,52370602,United Kingdom,,,898627.1597180002,612578.9315940001,10,12/31/60
11,17.539,11.738,52727768,United Kingdom,,,924792.322952,618918.5407840001,11,12/31/61
12,17.92,11.779000000000002,53109399,United Kingdom,,,951720.43008,625575.6108210001,12,12/31/62
13,18.3,11.82,53500716,United Kingdom,,,979063.1028,632378.46312,13,12/31/63
14,18.023,11.807,53882751,United Kingdom,,,971128.821273,636193.6410569999,14,12/31/64
15,17.747,11.794,54240850,United Kingdom,,,962612.36495,639716.5849,15,12/31/65
16,17.47,11.78,54568868,United Kingdom,,,953318.12396,642821.26504,16,12/31/66
17,17.194000000000006,11.767,54866534,United Kingdom,,,943375.1855960002,645614.5055780001,17,12/31/67
18,16.917,11.754,55132596,United Kingdom,,,932678.126532,648028.5333840001,18,12/31/68
19,16.24,11.771,55367947,United Kingdom,,,899175.45928,651736.1041369999,19,12/31/69
20,15.563,11.789,55573453,United Kingdom,,,864889.6490389998,655155.4374170001,20,12/31/70
21,14.887,11.806,55748531,United Kingdom,,,829928.380997,658167.1569859999,21,12/31/71
22,14.21,11.824000000000002,55892418,United Kingdom,,,794231.2597800002,660871.950432,22,12/31/72
23,13.533,11.841,56006296,United Kingdom,,,757933.203768,663170.550936,23,12/31/73
24,13.223,11.857,56092066,United Kingdom,,,741705.3887179998,665083.626562,24,12/31/74
25,12.913,11.873,56152333,United Kingdom,,,725095.076029,666696.649709,25,12/31/75
26,12.603,11.888,56188348,United Kingdom,,,708141.749844,667967.0810240001,26,12/31/76
27,12.293,11.904000000000002,56203595,United Kingdom,,,690910.7933349999,669047.5948800001,27,12/31/77
28,11.983,11.92,56205913,United Kingdom,,,673515.455479,669974.48296,28,12/31/78
29,12.147,11.882,56205083,United Kingdom,,,682723.1432009999,667828.796206,29,12/31/79
30,12.311,11.844,56209171,United Kingdom,,,691991.104181,665741.4213240001,30,12/31/80
31,12.474,11.806,56220735,United Kingdom,,,701297.4483899999,663741.9974100001,31,12/31/81
32,12.638,11.768,56241412,United Kingdom,,,710778.9648559998,661848.9364159999,32,12/31/82
33,12.802,11.73,56276798,United Kingdom,,,720455.5679959998,660126.8405400001,33,12/31/83
34,12.989,11.693,56332901,United Kingdom,,,731708.0510890001,658700.611393,34,12/31/84
35,13.175999999999998,11.656,56413553,United Kingdom,,,743304.974328,657556.3737679999,35,12/31/85
36,13.363,11.62,56522503,United Kingdom,,,755310.207589,656791.4848600001,36,12/31/86
37,13.55,11.583,56658270,United Kingdom,,,767719.5585,656272.74141,37,12/31/87
38,13.737,11.546,56812757,United Kingdom,,,780436.842909,655960.0923220001,38,12/31/88
39,13.639,11.474,56974297,United Kingdom,,,777072.4367830001,653723.083778,39,12/31/89
40,13.541,11.402,57134391,United Kingdom,,,773656.7885309998,651446.326182,40,12/31/90
41,13.442,11.33,57290785,United Kingdom,,,770102.7319700002,649104.59405,41,12/31/91
42,13.344,11.258,57446037,United Kingdom,,,766559.9177280002,646727.484546,42,12/31/92
43,13.246,11.186,57602284,United Kingdom,,,762999.8538640001,644339.148824,43,12/31/93
44,13.094,11.119000000000002,57763378,United Kingdom,,,756353.6715320002,642270.9999820001,44,12/31/94
45,12.942,11.053,57932453,United Kingdom,,,749761.8067259998,640327.403009,45,12/31/95
46,12.791,10.986,58113557,United Kingdom,,,743330.5075869998,638435.5372019999,46,12/31/96
47,12.639,10.92,58307313,United Kingdom,,,736946.1290070001,636715.85796,47,12/31/97
48,12.487,10.853,58509974,United Kingdom,,,730614.045338,635008.7478220001,48,12/31/98
49,12.277,10.72,58715854,United Kingdom,,,720854.539558,629433.95488,49,12/31/99
50,12.066,10.586,58923309,United Kingdom,,,710968.6463939998,623762.1490739997,50,12/31/00
51,11.856,10.453,59124288,United Kingdom,,,700977.558528,618026.1824640001,51,12/31/01
52,11.645,10.319,59326294,United Kingdom,,,690854.69363,612188.0277859999,52,12/31/02
53,11.435,10.186,59561432,United Kingdom,,,681084.9749200001,606692.746352,53,12/31/03
54,11.657,10.022,59872753,United Kingdom,,,697936.681721,600044.730566,54,12/31/04
55,11.878,9.858,60287954,United Kingdom,,,716100.317612,594318.650532,55,12/31/05
56,12.1,9.695,60821356,United Kingdom,,,735938.4076,589663.04642,56,12/31/06
57,12.321,9.531,61455162,United Kingdom,,,757189.051002,585729.149022,57,12/31/07
58,12.543,9.367,62145097,United Kingdom,,,779485.951671,582113.1235989999,58,12/31/08
59,12.524,9.302,62828616,United Kingdom,,,786865.586784,584431.786032,59,12/31/09
60,12.505,9.238,63459808,United Kingdom,,,793564.8990399999,586241.706304,60,12/31/10
61,12.485,9.173,64021919,United Kingdom,,,799313.6587149998,587273.062987,61,12/31/11
62,12.466,9.109,64525312,United Kingdom,,,804372.5393920001,587761.067008,62,12/31/12
63,12.447,9.044,64984018,United Kingdom,,,808856.072046,587715.4587920001,63,12/31/13
64,12.265999999999998,9.112,65423047,United Kingdom,,,802479.0945019998,596134.804264,64,12/31/14
65,12.085,9.179,65860146,United Kingdom,,,795919.86441,604530.2801340001,65,12/31/15
66,11.905,9.247,66297944,United Kingdom,,,789277.0233199998,613057.088168,66,12/31/16
67,11.724,9.314,66727461,United Kingdom,,,782312.7527640002,621499.5717539999,67,12/31/17
68,11.543,9.382,67141684,United Kingdom,,,775016.458412,629923.279288,68,12/31/18
69,11.488,9.398,67530172,United Kingdom,,,775786.615936,634648.5564560001,69,12/31/19
0,15.13,10.876,69966243,Germany,,,1058589.25659,760952.8588679999,0,12/31/50
1,15.314,10.957,70300010,Germany,,,1076574.35314,770277.2095700002,1,12/31/51
2,15.497,11.039,70620277,Germany,,,1094402.432669,779577.2378030001,2,12/31/52
3,15.681,11.121,70929844,Germany,,,1112250.883764,788810.7951239998,3,12/31/53
4,15.865,11.203,71233392,Germany,,,1130117.76408,798027.690576,4,12/31/54
5,16.048,11.285,71537459,Germany,,,1148033.1420319998,807300.2248150002,5,12/31/55
6,16.232,11.366,71850649,Germany,,,1166279.7345679998,816654.4765339999,6,12/31/56
7,16.415,11.448,72183458,Germany,,,1184891.4630699998,826356.227184,7,12/31/57
8,16.599,11.53,72547578,Germany,,,1204217.247222,836473.5743399998,8,12/31/58
9,16.813,11.595999999999998,72954886,Germany,,,1226590.4983179998,845984.8580559999,9,12/31/59
10,17.028,11.662,73414239,Germany,,,1250097.661692,856156.855218,10,12/31/60
11,17.242,11.728,73928082,Germany,,,1274667.9898440002,867028.5456959999,11,12/31/61
12,17.457,11.794,74489454,Germany,,,1300362.3984780002,878528.6204760001,12,12/31/62
13,17.671,11.86,75080748,Germany,,,1326751.897908,890457.6712799999,13,12/31/63
14,17.333,11.936,75677307,Germany,,,1311714.762231,903284.336352,14,12/31/64
15,16.995,12.011,76258032,Germany,,,1296005.25384,915935.2223520001,15,12/31/65
16,16.658,12.087,76819577,Germany,,,1279660.5136660002,928518.227199,16,12/31/66
17,16.32,12.162,77357255,Germany,,,1262470.4016,940818.93531,17,12/31/67
18,15.982,12.238,77847179,Germany,,,1244153.6147780002,952693.776602,18,12/31/68
19,15.050999999999998,12.271,78260755,Germany,,,1177902.6235049998,960337.724605,19,12/31/69
20,14.12,12.304,78578385,Germany,,,1109526.7962,966828.44904,20,12/31/70
21,13.188,12.338,78789939,Germany,,,1039081.715532,972110.267382,21,12/31/71
22,12.257,12.371,78901818,Germany,,,967099.5832260001,976094.390478,22,12/31/72
23,11.326,12.404000000000002,78932455,Germany,,,893988.9853299998,979078.1718200002,23,12/31/73
24,11.123,12.393,78909807,Germany,,,877713.7832610001,977929.238151,24,12/31/74
25,10.92,12.383,78856039,Germany,,,861107.9458799999,976474.330937,25,12/31/75
26,10.716,12.372,78781733,Germany,,,844225.050828,974687.600676,26,12/31/76
27,10.513,12.362,78687323,Germany,,,827239.826699,972732.686926,27,12/31/77
28,10.31,12.351,78573586,Germany,,,810093.6716600001,970462.360686,28,12/31/78
29,10.384,12.32,78438164,Germany,,,814501.8949760002,966358.18048,29,12/31/79
30,10.458,12.289,78283100,Germany,,,818684.6598,962021.0159,30,12/31/80
31,10.532,12.259,78107857,Germany,,,822631.9499240002,957524.218963,31,12/31/81
32,10.606,12.228,77926011,Germany,,,826483.2726660002,952879.262508,32,12/31/82
33,10.68,12.197,77770213,Germany,,,830585.8748400002,948563.287961,33,12/31/83
34,10.735,12.113,77682295,Germany,,,833919.436825,940965.6393350001,34,12/31/84
35,10.79,12.029000000000002,77691595,Germany,,,838292.31005,934552.196255,35,12/31/85
36,10.845999999999998,11.945,77806147,Germany,,,843885.4703619998,929394.4259149999,36,12/31/86
37,10.901,11.861,78015731,Germany,,,850449.483631,925344.585391,37,12/31/87
38,10.956,11.777,78307525,Germany,,,857937.2439,922227.721925,38,12/31/88
39,10.743,11.671,78660303,Germany,,,845047.6351290002,918044.3963129999,39,12/31/89
40,10.53,11.565,79053984,Germany,,,832438.45152,914259.32496,40,12/31/90
41,10.316,11.459,79490835,Germany,,,820027.4538599999,910885.4782650002,41,12/31/91
42,10.103,11.353,79963159,Germany,,,807867.795377,907821.7441270001,42,12/31/92
43,9.89,11.247,80428556,Germany,,,795438.4188399999,904579.969332,43,12/31/93
44,9.825,11.134,80832937,Germany,,,794183.606025,899993.920558,44,12/31/94
45,9.761,11.021,81138659,Germany,,,791994.450499,894229.1608389999,45,12/31/95
46,9.696,10.909,81323664,Germany,,,788514.246144,887159.850576,46,12/31/96
47,9.632,10.796,81399251,Germany,,,784037.585632,878786.3137959999,47,12/31/97
48,9.567,10.683,81402673,Germany,,,778779.3725909998,869624.755659,48,12/31/98
49,9.412,10.61,81389927,Germany,,,766041.992924,863547.1254699999,49,12/31/99
50,9.256,10.537,81400882,Germany,,,753446.5637920002,857721.093634,50,12/31/00
51,9.101,10.464,81453885,Germany,,,741311.8073850002,852333.4526399999,51,12/31/01
52,8.945,10.390999999999998,81535122,Germany,,,729331.6662900002,847231.4527019998,52,12/31/02
53,8.79,10.318,81614380,Germany,,,717390.4001999998,842097.1728399999,53,12/31/03
54,8.703,10.329,81646474,Germany,,,710569.263222,843326.4299460001,54,12/31/04
55,8.616,10.34,81602741,Germany,,,703089.216456,843772.34194,55,12/31/05
56,8.53,10.35,81472226,Germany,,,694958.0877800001,843237.5391,56,12/31/06
57,8.443,10.361,81277830,Germany,,,686228.7186899999,842119.5966299998,57,12/31/07
58,8.356,10.372,81065752,Germany,,,677385.423712,840813.979744,58,12/31/08
59,8.389,10.483,80899961,Germany,,,678669.772829,848074.2911629998,59,12/31/09
60,8.422,10.594,80827002,Germany,,,680725.010844,856281.2591880001,60,12/31/10
61,8.456,10.706,80855632,Germany,,,683715.2241919999,865640.3961919999,61,12/31/11
62,8.488999999999999,10.817,80972628,Germany,,,687376.639092,875880.917076,62,12/31/12
63,8.522,10.928,81174367,Germany,,,691767.955574,887073.4825759998,63,12/31/13
64,8.7,10.974,81450378,Germany,,,708618.2885999999,893836.4481719999,64,12/31/14
65,8.878,11.02,81787411,Germany,,,726108.6348580002,901297.26922,65,12/31/15
66,9.057,11.066,82193768,Germany,,,744428.956776,909556.236688,66,12/31/16
67,9.235,11.112,82658409,Germany,,,763350.4071150002,918500.240808,67,12/31/17
68,9.413,11.158,83124418,Germany,,,782450.1466340001,927502.256044,68,12/31/18
69,9.405,11.275,83517045,Germany,,,785477.8082249998,941654.682375,69,12/31/19
0,27.646,12.26,102798657,Russia,,,2841971.671422,1260311.5348200002,0,12/31/50
1,27.403,11.839,104304693,Russia,,,2858261.502279001,1234863.260427,1,12/31/51
2,27.161,11.418,105967080,Russia,,,2878171.8598799994,1209932.1194399998,2,12/31/52
3,26.918000000000006,10.997,107727318,Russia,,,2899803.945924001,1184677.316046,3,12/31/53
4,26.675,10.576,109536494,Russia,,,2921885.97745,1158457.9605440001,4,12/31/54
5,26.433000000000003,10.155,111355300,Russia,,,2943454.6449000007,1130813.0715,5,12/31/55
6,26.19,9.734,113154334,Russia,,,2963512.00746,1101444.2871559998,6,12/31/56
7,25.948,9.313,114913779,Russia,,,2981782.7374919998,1070192.0238269998,7,12/31/57
8,25.705,8.892000000000003,116622407,Russia,,,2997778.971935,1037006.4430440002,8,12/31/58
9,24.789,8.734,118275877,Russia,,,2931940.7149529997,1033021.509718,9,12/31/59
10,23.872,8.576,119871700,Russia,,,2861577.222400001,1028019.6992,10,12/31/60
11,22.956,8.419,121403892,Russia,,,2786947.744752,1022099.3667479999,11,12/31/61
12,22.039,8.261000000000001,122858227,Russia,,,2707672.4648530004,1014931.813247,12,12/31/62
13,21.123,8.103,124210252,Russia,,,2623693.1529960004,1006475.671956,13,12/31/63
14,19.893,8.169,125430993,Russia,,,2495198.743749,1024645.781817,14,12/31/64
15,18.663,8.236,126503736,Russia,,,2360939.224968,1041884.769696,15,12/31/65
16,17.432000000000002,8.302,127417190,Russia,,,2221136.4560800004,1057817.51138,16,12/31/66
17,16.202,8.369,128187396,Russia,,,2076892.1899920003,1072800.317124,17,12/31/67
18,14.972,8.435,128859798,Russia,,,1929288.895656,1086932.39613,18,12/31/68
19,15.052,8.624,129497501,Russia,,,1949196.385052,1116786.4486240002,19,12/31/69
20,15.132,8.812999999999997,130148653,Russia,,,1969409.417196,1147000.078889,20,12/31/70
21,15.211,9.002,130830719,Russia,,,1990066.066709,1177738.1324380005,21,12/31/71
22,15.291,9.191,131539634,Russia,,,2011372.543494,1208980.776094,22,12/31/72
23,15.371,9.38,132275731,Russia,,,2033210.261201,1240746.3567800005,23,12/31/73
24,15.451,9.589,133032262,Russia,,,2055481.4801619998,1275646.360318,24,12/31/74
25,15.531,9.797,133804858,Russia,,,2078123.249598,1310886.193826,25,12/31/75
26,15.61,10.006,134596232,Russia,,,2101047.18152,1346769.897392,26,12/31/76
27,15.69,10.214,135413334,Russia,,,2124635.2104599997,1383111.793476,27,12/31/77
28,15.77,10.423,136259824,Russia,,,2148817.42448,1420236.145552,28,12/31/78
29,15.963,10.603,137139388,Russia,,,2189156.050644,1454088.9309639998,29,12/31/79
30,16.157,10.783,138053150,Russia,,,2230524.7445500004,1488627.11645,30,12/31/80
31,16.35,10.963,138993847,Russia,,,2272549.39845,1523789.5446609997,31,12/31/81
32,16.544,11.143,139954624,Russia,,,2315409.2994560003,1559514.375232,32,12/31/82
33,16.737000000000002,11.323,140935780,Russia,,,2358842.14986,1595815.83694,33,12/31/83
34,16.625,11.279000000000002,141938487,Russia,,,2359727.346375,1600924.194873,34,12/31/84
35,16.512999999999998,11.236,142957284,Russia,,,2360653.630692,1606268.043024,35,12/31/85
36,16.402,11.192,143995348,Russia,,,2361811.6978960005,1611595.934816,36,12/31/86
37,16.29,11.149,145032888,Russia,,,2362585.74552,1616971.668312,37,12/31/87
38,16.178,11.105,146013488,Russia,,,2362206.208864,1621479.78424,38,12/31/88
39,15.113,11.54,146863931,Russia,,,2219554.589203,1694809.7637399996,39,12/31/89
40,14.048,11.974,147531561,Russia,,,2072523.368928,1766542.911414,40,12/31/90
41,12.982,12.409,147995593,Russia,,,1921278.7883260003,1836477.313537,41,12/31/91
42,11.917,12.843,148268581,Russia,,,1766916.679777,1904213.3857830002,42,12/31/92
43,10.852,13.278,148373580,Russia,,,1610150.09016,1970104.39524,43,12/31/93
44,10.464,13.544,148349441,Russia,,,1552328.550624,2009244.828904,44,12/31/94
45,10.076,13.811,148227466,Russia,,,1493539.947416,2047169.5329259997,45,12/31/95
46,9.688,14.077,148020847,Russia,,,1434025.965736,2083689.4632189998,46,12/31/96
47,9.3,14.344,147730019,Russia,,,1373889.1767,2119039.3925360003,47,12/31/97
48,8.912,14.61,147360604,Russia,,,1313277.702848,2152938.42444,48,12/31/98
49,9.092,14.894,146915915,Russia,,,1335759.4991799998,2188165.6380100003,49,12/31/99
50,9.272,15.178,146404903,Russia,,,1357466.260616,2222133.617734,50,12/31/00
51,9.451,15.463,145830721,Russia,,,1378246.144171,2254980.438823,51,12/31/01
52,9.631,15.747,145215700,Russia,,,1398572.4067,2286711.6279,52,12/31/02
53,9.811,16.031,144610882,Russia,,,1418777.363302,2318257.049342,53,12/31/03
54,10.133,15.811,144080643,Russia,,,1459969.1555189998,2278059.0464729997,54,12/31/04
55,10.455,15.59,143672116,Russia,,,1502091.97278,2239848.2884400003,55,12/31/05
56,10.776,15.37,143403256,Russia,,,1545313.486656,2204108.04472,56,12/31/06
57,11.098,15.149,143266212,Russia,,,1589968.4207759998,2170339.8455880005,57,12/31/07
58,11.42,14.929,143248764,Russia,,,1635900.8848799998,2138560.797756,58,12/31/08
59,11.732,14.621,143326913,Russia,,,1681511.3433160004,2095582.794973,59,12/31/09
60,12.044,14.313,143479274,Russia,,,1728064.3760560001,2053618.848762,60,12/31/10
61,12.357,14.005,143703025,Russia,,,1775738.2799250004,2012560.865125,61,12/31/11
62,12.669,13.697,143993892,Russia,,,1824258.617748,1972284.338724,62,12/31/12
63,12.981,13.389,144325449,Russia,,,1873488.653469,1932373.4366610004,63,12/31/13
64,12.939,13.255,144664841,Russia,,,1871818.377699,1917532.467455,64,12/31/14
65,12.897,13.121,144985057,Russia,,,1869872.280129,1902348.932897,65,12/31/15
66,12.854,12.987,145275383,Russia,,,1867369.773082,1886691.399021,66,12/31/16
67,12.812,12.853,145530082,Russia,,,1864531.410584,1870498.143946,67,12/31/17
68,12.77,12.719,145734038,Russia,,,1861023.66526,1853591.229322,68,12/31/18
69,12.482,12.785,145872256,Russia,,,1820777.4993920003,1864976.7929599998,69,12/31/19
0,51.723,28.71,17119265,Iran,,,885459.7436,491494.0982,0,12/31/50
1,51.382,28.070999999999998,17516679,Iran,,,900042.0004,491710.6962,1,12/31/51
2,51.04,27.433000000000003,17933502,Iran,,,915325.9421,491969.7604,2,12/31/52
3,50.698,26.795,18369051,Iran,,,931274.1476,492198.7215,3,12/31/53
4,50.356,26.156999999999996,18822757,Iran,,,947838.7515,492346.8548,4,12/31/54
5,50.013999999999996,25.519000000000002,19294127,Iran,,,964976.4678,492366.8269,5,12/31/55
6,49.673,24.88,19782824,Iran,,,982672.2166,492196.6611,6,12/31/56
7,49.331,24.241999999999997,20288539,Iran,,,1000853.917,491834.7624,7,12/31/57
8,48.989,23.604,20811144,Iran,,,1019517.1329999999,491226.24299999996,8,12/31/58
9,48.465,22.941,21350574,Iran,,,1034755.569,489803.5181,9,12/31/59
10,47.942,22.278000000000002,21906914,Iran,,,1050261.271,488042.2301,10,12/31/60
11,47.418,21.614,22480372,Iran,,,1065974.279,485890.7604,11,12/31/61
12,46.895,20.951,23071315,Iran,,,1081929.317,483367.1206,12,12/31/62
13,46.371,20.288,23680258,Iran,,,1098077.244,480425.0743,13,12/31/63
14,45.798,19.684,24307860,Iran,,,1113251.372,478475.9162,14,12/31/64
15,45.226000000000006,19.081,24954873,Iran,,,1128609.086,476163.9317,15,12/31/65
16,44.653,18.477,25624373,Iran,,,1144205.128,473461.5399,16,12/31/66
17,44.081,17.874000000000002,26317783,Iran,,,1160114.192,470404.0533,17,12/31/67
18,43.508,17.27,27032571,Iran,,,1176133.0990000002,466852.5012,18,12/31/68
19,43.07,16.674,27764924,Iran,,,1195835.277,462952.3428,19,12/31/69
20,42.632,16.078,28513866,Iran,,,1215603.135,458445.9375,20,12/31/70
21,42.193999999999996,15.482000000000001,29281591,Iran,,,1235507.451,453337.5919,21,12/31/71
22,41.756,14.886,30075297,Iran,,,1255824.102,447700.8711,22,12/31/72
23,41.318000000000005,14.29,30905707,Iran,,,1276962.002,441642.55299999996,23,12/31/73
24,41.578,13.772,31786471,Iran,,,1321617.8909999998,437763.2786,24,12/31/74
25,41.838,13.255,32729772,Iran,,,1369348.201,433833.1279,25,12/31/75
26,42.099,12.737,33733961,Iran,,,1420166.024,429669.4613,26,12/31/76
27,42.358999999999995,12.22,34803045,Iran,,,1474222.1830000002,425293.2099,27,12/31/77
28,42.619,11.702,35960805,Iran,,,1532613.5480000002,420813.3401,28,12/31/78
29,42.976000000000006,12.02,37237137,Iran,,,1600303.2,447590.3867,29,12/31/79
30,43.333,12.338,38650246,Iran,,,1674831.11,476866.7351,30,12/31/80
31,43.69,12.655,40199906,Iran,,,1756333.8930000002,508729.8104,31,12/31/81
32,44.047,12.972999999999999,41869236,Iran,,,1844214.2380000001,543169.5986,32,12/31/82
33,44.403999999999996,13.290999999999999,43636837,Iran,,,1937650.11,579977.2006,33,12/31/83
34,43.126000000000005,12.434000000000001,45472791,Iran,,,1961059.585,565408.6833,34,12/31/84
35,41.848,11.577,47347186,Iran,,,1981385.04,548138.3723,35,12/31/85
36,40.571,10.719000000000001,49260255,Iran,,,1998537.8059999999,528020.6733,36,12/31/86
37,39.293,9.862,51193782,Iran,,,2011557.2759999998,504873.0781,37,12/31/87
38,38.015,9.005,53077313,Iran,,,2017734.054,477961.2036,38,12/31/88
39,35.656,8.391,54822003,Iran,,,1954733.3390000002,460011.4272,39,12/31/89
40,33.297,7.777,56366217,Iran,,,1876825.927,438360.0696,40,12/31/90
41,30.939,7.162999999999999,57679034,Iran,,,1784531.6330000001,413154.9205,41,12/31/91
42,28.58,6.5489999999999995,58780370,Iran,,,1679942.975,384952.6431,42,12/31/92
43,26.221,5.935,59723764,Iran,,,1566016.8159999999,354460.5393,43,12/31/93
44,24.798000000000002,5.7989999999999995,60590614,Iran,,,1502526.0459999999,351364.9706,44,12/31/94
45,23.375,5.662999999999999,61442664,Iran,,,1436222.271,347949.8062,45,12/31/95
46,21.951,5.528,62294920,Iran,,,1367435.789,344366.3178,46,12/31/96
47,20.528000000000002,5.392,63136312,Iran,,,1296062.213,340430.9943,47,12/31/97
48,19.105,5.256,63971836,Iran,,,1222181.9270000001,336235.97,48,12/31/98
49,18.762999999999998,5.209,64800880,Iran,,,1215858.9109999998,337547.7839,49,12/31/99
50,18.42,5.162000000000001,65623405,Iran,,,1208783.12,338748.0166,50,12/31/00
51,18.078,5.115,66449112,Iran,,,1201267.047,339887.2079,51,12/31/01
52,17.735,5.0680000000000005,67284796,Iran,,,1193295.857,340999.3461,52,12/31/02
53,17.393,5.021,68122938,Iran,,,1184862.261,342045.2717,53,12/31/03
54,17.477,5.0280000000000005,68951281,Iran,,,1205061.538,346687.0409,54,12/31/04
55,17.561,5.0360000000000005,69762347,Iran,,,1225096.576,351323.1795,55,12/31/05
56,17.646,5.043,70554760,Iran,,,1245009.295,355807.6547,56,12/31/06
57,17.73,5.051,71336475,Iran,,,1264795.702,360320.5352,57,12/31/07
58,17.814,5.058,72120604,Iran,,,1284756.44,364786.015,58,12/31/08
59,17.953,4.999,72924837,Iran,,,1309219.5990000002,364551.2602,59,12/31/09
60,18.093,4.941,73762519,Iran,,,1334585.256,364460.6064,60,12/31/10
61,18.232,4.882,74634957,Iran,,,1360744.5359999998,364367.8601,61,12/31/11
62,18.372,4.824,75539878,Iran,,,1387818.639,364404.3715,62,12/31/12
63,18.511,4.765,76481961,Iran,,,1415757.58,364436.5442,63,12/31/13
64,18.628,4.788,77465770,Iran,,,1443032.364,370906.1068,64,12/31/14
65,18.745,4.811,78492215,Iran,,,1471336.57,377626.0464,65,12/31/15
66,18.863,4.833,79563989,Iran,,,1500815.525,384532.7588,66,12/31/16
67,18.98,4.856,80673883,Iran,,,1531190.299,391752.3758,67,12/31/17
68,19.097,4.879,81800188,Iran,,,1562138.19,399103.1173,68,12/31/18
69,18.547,4.8660000000000005,82913906,Iran,,,1537804.215,403459.0666,69,12/31/19
